14.832672,3.720594,1.755208,41.031057,9.165692,9.170336,37.333411,7.531095,4.543254,29.751809,15.613625,5.846096,33.527682,23.482387,7.627976,-1
16.961679,4.210283,2.024959,42.611455,8.363602,9.463734,38.282351,8.315113,5.447694,30.309439,15.128507,6.50112,33.138196,22.93612,7.652058,-1
11.226396,2.834017,4.105821,40.531386,11.365205,2.696841,37.576153,2.357212,5.255147,27.278328,12.00577,3.822899,46.224272,25.544863,5.851167,-1
15.565424,4.057375,1.802832,41.692356,8.727238,8.344403,39.462481,8.262112,5.066905,30.903565,16.321864,6.252586,30.99931,24.986569,7.905967,-1
14.838255,3.987197,2.598294,39.216998,9.111184,8.820548,36.828681,7.378229,4.745139,27.784049,15.748511,5.147677,32.537811,23.918819,5.821913,-1
9.293119,5.247931,1.469388,31.29479,15.434245,7.764624,30.366771,6.228296,4.660388,28.956656,18.67527,1.252303,36.335262,37.772198,1.707155,-1
8.380535,6.828171,3.507864,6.461585,6.425966,3.360216,14.577595,5.235391,12.748445,23.797665,19.51736,8.70533,12.072508,42.89372,10.293872,-1
10.030307,5.019793,3.87494,4.721908,4.889408,3.559288,16.210008,9.475594,14.09191,21.443639,16.287928,8.31943,3.137792,29.150944,12.609478,-1
3.107354,2.895984,3.405122,19.324552,16.314409,14.416916,15.607171,5.347198,10.93187,30.739363,12.005976,12.731296,48.5899,15.731358,11.729964,-1
3.402656,3.826521,3.97427,4.745456,3.548745,4.027873,18.84156,9.457212,7.067141,23.578256,30.582328,1.870619,30.380201,44.255389,4.350824,-1
7.121766,4.497147,7.884187,18.557149,10.387177,12.54818,11.52995,6.494636,11.759728,17.111138,14.763002,14.044476,37.551004,19.034259,14.072684,-1
6.934188,1.898565,14.085421,3.122017,2.838463,3.458324,14.83181,12.771318,5.662427,23.3432,32.718657,0.445958,38.042701,41.745537,3.079884,-1
7.852505,13.882907,41.816225,9.324773,4.393661,5.862018,8.629445,15.118715,5.568917,21.750885,41.65053,20.366585,24.989897,22.87907,52.579624,-1
5.281231,4.145364,7.421805,27.453955,6.82497,9.13255,20.486754,11.83096,8.837026,6.16892,10.708555,9.815355,28.834326,13.073644,8.080553,-1
7.691871,2.495917,14.193518,6.043878,5.12293,5.105147,2.81863,6.674606,4.935114,9.625412,15.832217,4.983047,20.451504,32.406314,5.826727,-1
8.920698,3.448501,12.316027,25.84242,20.954537,8.436755,19.150794,5.930092,7.612668,5.330331,9.308965,7.092683,34.342554,9.952649,7.504188,-1
14.729143,6.968205,20.004469,31.614377,21.452002,5.351355,23.525004,3.73408,12.397899,12.665716,10.762904,9.722352,37.792993,13.241082,8.353199,-1
11.584081,3.718507,16.684137,34.151091,14.874708,7.496132,25.981685,1.254213,8.303825,10.801131,9.638026,6.390478,38.784811,12.729543,7.501516,-1
14.605265,5.472681,19.314052,38.383483,11.145912,4.652948,29.37923,1.348333,8.540942,16.536833,10.644113,7.05644,37.648119,16.858763,3.359874,-1
16.463258,5.124401,21.263055,43.048893,6.727378,8.799943,28.933108,1.022189,6.800483,13.666112,9.751872,9.495145,40.943052,15.956659,5.531825,-1
16.663812,6.156358,21.808225,40.323043,10.323248,4.398575,29.293839,0.615929,7.05335,15.940794,8.916224,7.550839,39.87682,15.267007,5.556133,-1
17.735011,4.767756,22.470537,45.184892,7.731303,6.90091,33.132095,1.477559,7.727021,18.093363,9.518284,10.192781,39.033201,17.372084,7.370482,-1
15.021975,4.593467,20.375929,40.849845,10.464022,3.02322,31.108578,0.444898,5.665232,15.114771,8.772231,5.902903,40.333982,11.580447,3.298232,-1
18.216907,5.871329,21.453948,43.510632,9.320294,4.113571,32.117697,0.877373,8.128344,17.753848,11.197642,10.897244,38.296307,18.554539,8.752116,-1
15.480538,5.027931,21.298674,44.071807,7.126985,3.293251,33.318278,0.631578,6.15994,17.629132,9.002337,5.524958,38.129417,11.967963,3.035364,-1
18.551973,7.477143,24.316289,42.729197,9.82674,2.38394,31.104256,0.564714,6.750093,17.156161,8.360067,8.114903,42.86375,11.478006,5.191936,-1
19.744436,4.692318,20.812257,47.340644,9.540119,2.461757,34.764406,2.368812,8.258932,18.707529,7.493433,8.472451,36.455179,14.19954,8.060362,-1
17.874478,5.140722,22.675902,47.968796,8.164846,4.127861,32.647721,0.556057,7.018871,16.781362,8.153845,8.816047,40.301249,16.026539,8.569265,-1
16.582922,4.184071,22.635261,42.207611,13.052442,2.685554,34.400983,0.235977,5.217939,18.574601,10.626225,8.064163,37.748104,15.994637,6.510474,-1
15.796983,6.78358,21.352657,41.70677,12.016122,0.818387,31.589325,2.482666,8.024339,18.436144,10.62433,8.218374,43.543266,12.402671,4.895749,-1
12.962256,4.765854,18.260849,35.821769,14.750046,2.567491,28.535402,0.924464,8.512964,17.319842,9.565278,5.503321,45.665554,12.210098,3.288165,-1
15.602958,5.551884,16.903896,38.5335,27.63452,5.295894,28.900256,3.027206,13.425557,15.670497,15.543238,12.342593,40.551431,24.756885,16.329149,-1
13.899909,4.371369,17.403037,37.863261,18.053936,1.178609,29.858299,1.343765,10.855396,16.049846,10.913873,7.834038,43.819419,14.86918,5.35419,-1
14.610749,5.596307,17.603131,37.102452,20.884234,4.114418,27.389938,3.811551,11.5128,12.115571,12.513829,10.742435,39.667114,18.670739,8.370404,-1
14.611546,4.812304,14.732731,36.796434,25.027415,6.824248,29.326422,4.878356,22.044345,17.527552,21.273454,35.073447,40.346591,49.325022,132.362434,-1
8.838447,4.205538,8.285599,23.568975,15.10074,8.886574,19.583465,4.291993,4.067353,1.386141,11.279562,7.122081,34.962856,10.003384,2.812735,-1
9.333198,3.583771,13.866455,25.432678,21.602672,9.295956,21.785145,2.538097,5.817105,4.946457,10.474732,7.568131,34.792136,11.682752,2.741607,-1
9.024342,3.527683,13.624286,24.704663,16.00784,8.091088,19.036193,2.625719,4.620916,2.955047,10.489509,6.491945,35.708608,10.328397,3.852595,-1
15.579207,5.23207,20.93716,40.346567,13.834746,4.608692,29.834348,1.966282,9.324508,18.229264,10.733986,12.160552,41.379242,17.175909,4.99393,-1
16.844731,5.278117,21.048787,44.832642,9.776957,2.262636,33.651595,0.365866,7.151608,20.754869,9.95549,8.58214,36.853099,14.696012,6.743119,-1
16.731989,5.164445,22.463026,45.732471,9.17438,3.251342,35.387279,2.360757,4.389188,21.655293,6.426162,3.646484,40.910838,9.777458,1.331681,-1
5.102473,8.888031,11.276404,37.043108,85.783036,33.044019,58.35372,99.30099,35.114737,52.576803,108.850705,27.574031,47.915219,137.99626,54.406089,-1
18.501673,10.233793,20.489452,47.859834,4.26468,4.870017,35.038946,3.27952,2.695705,25.839451,4.950799,1.136718,39.240966,8.464604,1.687113,-1
19.992426,9.320672,19.887874,44.219498,4.465321,5.851264,32.66002,4.662987,3.523649,25.68817,5.188477,1.033056,36.016909,8.058539,2.483523,-1
44.30235011,22.08288174,0.152588561,8.871389513,7.149911789,5.011842076,6.236525915,5.883327837,1.434841034,5.386723657,6.213417444,3.446165923,2.403872759,6.661486187,1.171163682,0
62.82147113,24.76022683,3.295010271,8.185303994,2.47231452,2.069701952,2.634766822,1.012306033,4.076315375,5.782413299,3.275690344,5.006989323,5.531942157,4.464967563,2.721968148,0
65.54621298,30.57986361,3.65500166,9.082612853,0.949746924,2.721727429,0.544247128,2.708509517,4.211540895,6.088800835,1.777683284,5.236837949,6.922028056,3.05445477,3.196019535,0
54.955903,39.33235371,6.064960519,10.94956843,1.225874495,4.972979759,0.103784686,1.69914302,6.473405951,5.312875446,1.859589104,6.845709099,4.076413875,2.89394478,4.179666454,0
30.1240594,9.935408117,21.67548718,29.6026381,8.476384313,6.321015089,26.43914211,25.26471347,55.72624484,17.76015618,75.5403006,86.1147584,12.6926719,97.90136186,56.91830218,0
36.05564801,46.35966881,7.296767853,17.61088722,4.914898677,6.595047445,2.946287727,5.124610959,7.690859336,6.122394826,4.703208229,8.207020991,5.237932243,3.851415799,5.707104646,0
25.94023515,6.54489894,12.05960631,19.69131004,6.888094401,4.614024622,12.11462396,6.964595216,3.316803338,5.467890976,9.823832333,4.577876851,8.435908079,10.68127142,7.21169805,0
30.7907622,48.63292744,6.823164956,23.84982608,6.938403276,7.488383331,6.957994596,5.059575741,8.246906773,6.677900963,4.92169282,8.671065358,7.717881359,3.837796439,5.619184362,0
26.2900935,6.198319529,6.057368156,15.49774987,3.017574811,2.440755173,8.258304034,3.091659146,0.81111876,2.672440887,4.786133865,1.406370424,12.31737506,8.013618244,4.969421731,0
30.43041597,31.07185899,9.136435509,31.60271823,9.557850624,8.417490809,11.9373013,8.585834631,9.157388546,7.281839992,8.699457212,9.792830725,9.395931355,5.969992366,6.702553275,0
23.7976511,3.393966147,12.16999023,16.05782515,1.742318875,1.296125415,8.571161063,3.108712167,0.188452097,2.013836027,3.743270296,1.283869662,9.913132149,5.568418696,2.724874079,0
31.07310102,8.849007283,30.60330037,37.42714161,8.60191914,8.464303994,13.60060496,7.190278482,7.477264646,8.762117221,5.580741486,7.717645697,12.289621,4.699584191,3.203587249,0
22.32069817,3.697525644,11.24157353,16.13289756,1.055306769,1.241115436,8.195112131,2.924198996,0.72740371,3.490349709,3.445281006,1.195241886,11.15089501,3.939853037,3.011535771,0
28.88824343,5.112163434,17.96283139,34.8860393,10.76988623,8.494637479,13.02735113,8.753213987,6.757953572,8.732558528,5.21507278,7.62837955,13.32321607,4.143743348,4.95568015,0
20.72454457,4.097007862,9.552718918,12.61917601,3.090032068,1.545545039,6.044184193,1.368969669,0.583499878,4.222794614,1.377521231,1.39112096,9.708250069,1.717229247,2.213921841,0
46.98064887,20.13988001,4.126887907,32.19694081,15.89438887,9.359331931,17.14349873,9.233525026,8.180518302,7.696021846,7.252602706,7.422849697,10.81169657,4.275901172,4.796725638,0
19.42828777,4.518284771,9.802574635,11.62427295,3.216803343,2.497522906,5.438993358,1.368202622,2.100481195,5.286792823,1.218825389,2.99450837,10.49297084,1.422634588,1.765825923,0
39.04752376,4.545263914,6.268507533,11.00060717,16.09099824,15.92989186,4.954851707,12.59987328,12.48535895,5.713859041,10.65320405,10.552967,9.285725482,9.751806253,7.586268118,0
19.34802145,4.420491989,10.65395169,11.55223162,3.699767382,1.829771168,4.244279689,2.288865934,0.880193499,5.511333221,3.422451597,2.062780622,10.88002412,1.30407756,2.104831341,0
13.99720508,15.22719051,23.75820623,68.99223478,18.75552102,6.467711701,42.74043179,14.25228812,7.815208625,14.82989685,16.58236172,6.453679543,23.07905524,13.98982668,7.01005948,0
20.36896297,4.500416242,15.35341579,13.09052484,4.602667654,1.685994043,5.792852185,3.076789601,1.169651498,4.044876095,3.905611616,2.235681975,9.428448856,1.346573097,2.835434,0
11.28751848,11.32920772,24.32540162,58.6678853,4.388494576,2.734973714,36.63123131,4.00593056,4.126062298,11.90813425,6.489029684,1.674656932,20.93132849,6.9965447,2.531014724,0
21.13982994,4.935649078,16.47679957,12.86233555,4.999987187,1.657640857,5.167309802,4.00207418,1.263214016,3.579179965,4.490654024,2.93986872,8.47461434,2.142007221,2.060778259,0
9.371302255,12.67607171,22.81528423,55.02271785,9.762784634,2.98616986,36.90019003,9.520276073,4.529598396,12.81506168,16.96615296,4.444836366,31.18330006,17.25082671,4.140058235,0
21.02116426,4.161431742,12.70084135,14.37146384,6.514158456,2.511312163,6.64439156,5.793793921,1.96772604,2.740239506,4.934619975,3.439047632,7.732147315,2.89494632,1.561388609,0
7.490784042,10.90045187,21.685052,47.00994479,5.115273241,6.762524914,29.58520953,5.30171053,6.970711354,13.08365918,15.30253364,10.88836327,36.79814529,21.50773948,8.144978601,0
20.22343557,4.740511951,15.29935014,15.21296859,8.283726276,2.71250355,7.544365836,7.881779071,2.444341979,3.085697648,6.881405529,3.976310482,8.119506425,2.987903888,1.525671649,0
7.108454081,6.491753312,21.03554281,36.38939908,4.409295375,1.754735115,22.58954232,3.553580099,1.792385775,9.482022399,9.869378968,3.679279948,39.01151265,13.13944667,2.393565787,0
20.36664369,4.161942421,8.171954353,14.87469808,8.397216783,2.192236718,7.095492898,8.715995115,2.371746546,2.711794646,7.574354561,3.96699378,9.029152014,3.551508212,1.565486085,0
6.459152389,9.171336027,17.41000192,29.95523825,10.78710944,5.070319957,17.06850889,5.12578149,1.119032995,12.56311374,9.932732765,5.906837714,41.70980483,13.90774607,2.982506276,0
20.25356079,3.380073682,5.50411893,14.81779922,8.877945304,2.481864097,6.614224373,9.175299731,3.05807559,1.876136243,8.149582937,5.00887877,8.099515901,2.872441582,0.100049713,0
4.942262151,6.640087558,12.64281255,34.78982862,1.092154033,2.358833515,21.51064213,1.875826171,4.16386708,5.858442102,5.754541009,7.425898711,34.8296388,11.38873767,1.263966379,0
21.67805954,4.717913377,2.307960764,15.72465684,8.695573877,2.528365872,7.917426283,9.636372741,4.35942328,1.119743968,8.976246809,6.522530958,7.01524062,2.849063277,2.837160027,0
6.966134163,4.317847608,13.66734787,33.50968728,0.207243342,3.598751635,21.00620635,2.198749584,6.752660108,8.937179171,6.216828939,8.059395415,40.05619929,11.56965322,1.992024995,0
21.92766987,4.700785452,3.538376193,16.52474607,10.9770276,3.443676912,8.162112585,10.14968291,4.520034596,1.94009284,9.179892514,7.40699448,7.621156953,4.333615937,4.196055348,0
7.816586051,4.036010487,14.68477532,33.14885073,2.988942289,3.161199042,18.96293347,0.535354952,5.035129802,11.53334019,7.068360933,6.487134454,41.86093519,11.6056114,1.988915389,0
21.10644087,4.570972966,4.394761091,17.68614723,12.54225287,4.617323305,9.02991462,11.45853428,5.670855572,2.456625727,8.374910116,8.060569304,7.049652501,4.769174412,4.918147956,0
7.279967562,4.445989202,14.98492973,32.19140436,4.050691175,2.957511171,19.09152532,1.589411979,2.909029939,12.1910737,7.878507753,4.780402962,43.42316326,11.57796662,2.204270887,0
21.92324644,4.844714523,3.966087971,18.16881684,14.29446171,5.156784265,8.580840429,12.4420934,6.074013372,2.774866317,9.201228039,8.611309587,7.566912171,6.745410029,6.292722356,0
7.537753084,5.142444859,15.49639931,34.80086981,4.100585553,3.148131449,20.59025239,2.213431864,1.120207863,13.10657348,8.840717185,3.581136374,42.46871203,12.58912451,0.779251748,0
23.49024844,4.926931828,3.804249665,19.13598073,15.72426848,6.264903234,9.287467597,14.06614881,7.355472137,1.782804225,10.03416018,9.574422579,7.772008229,7.18823163,6.893209965,0
9.128572804,4.981187355,16.17273371,38.70827339,7.465787326,3.972545228,23.28120401,4.842639614,0.678532761,13.00938092,11.77422624,3.278731627,43.52704967,15.49663872,1.208099619,0
22.00475223,2.6820402,11.54401969,20.04353972,18.32932998,8.200121512,9.479854456,15.69510976,9.40304869,1.195801601,10.68133854,12.71572192,8.118186834,9.610464552,8.937731425,0
9.186203238,6.178795057,17.90104426,49.06358257,4.508021096,3.760578579,28.82401457,6.190472649,2.898291778,13.08065652,14.48670093,5.571184855,42.83607944,16.79320541,1.221204275,0
17.31544375,3.642233026,22.57581927,23.47570207,20.57269424,9.908939845,11.8236068,16.75044824,12.36053127,3.646967461,12.2496802,16.76632053,5.18512677,11.68757844,10.7478269,0
10.57041596,7.230277086,19.94500092,54.76355758,5.122909285,3.544446761,33.41096155,4.719873317,2.759068267,14.20628897,14.27460103,3.425006302,40.20998885,14.51414913,1.31055829,0
5.768816634,6.946811117,34.34330846,24.19100039,19.63978668,11.21235419,14.9822313,16.53260976,11.90334738,8.456318191,10.02836848,16.96904525,7.902849702,10.90684289,10.43749375,0
12.54630402,8.271041265,22.05679174,61.77405623,3.676036167,3.689398333,35.59333555,2.201567521,1.847866091,9.890626467,11.44474001,0.511252781,32.00351427,11.54697199,2.629836576,0
4.123794996,6.807583859,28.30423904,24.57831554,19.0521638,11.3163075,16.82509029,20.00464063,12.64297326,11.18031148,17.32588717,17.04413156,7.157287717,15.32596057,14.17156394,0
14.15395086,8.812117707,24.61560676,65.94219095,4.167690963,3.713762774,35.63024352,1.970859306,2.864466315,9.129091909,6.664842759,1.049910613,28.25702264,9.13804051,2.527547757,0
7.65259431,5.564958605,18.28929434,21.19048829,21.66660659,9.574284921,14.69376827,22.21918515,13.1503524,11.52840233,22.41272774,17.84867691,5.182043515,15.99751419,16.65717125,0
17.03942616,4.656137985,31.31470739,63.2411191,12.46646672,6.728847271,27.63415142,9.145844922,3.547962058,6.332727401,10.38205953,2.697635655,30.66417271,10.15335599,2.106183727,0
9.583872929,5.781563822,9.023565227,14.91183618,18.13261689,13.6452415,6.399726224,22.79745556,15.35653021,11.85069751,23.7118549,14.783925,21.90489506,21.53285723,15.22171587,0
20.38165275,3.343412464,31.43278855,57.25446825,7.383932625,6.714253698,25.3579442,2.782032003,1.912137208,6.770540796,2.148753346,0.694877171,25.63594443,8.000771223,2.095277349,0
15.61510642,13.84762292,11.1788665,26.67813817,31.76829027,13.01267385,13.80693841,33.38781344,12.12675195,18.49514238,33.33881095,13.57821199,43.34377747,26.98917669,13.7924276,0
16.36733737,7.617007788,23.88553632,58.27581554,7.919847385,5.880838522,27.43560967,2.882300482,1.471754043,9.406138932,2.942646809,1.175031226,26.54127502,9.482123374,1.358481127,0
17.31702389,9.444307062,8.77072314,35.53692764,12.12865732,19.75822878,36.21759893,31.8284723,23.73253126,18.28442092,33.20583714,14.89758371,6.936722546,21.94334729,8.768367286,0
17.07094823,7.140712141,26.63164047,61.51350837,6.324504049,5.644394067,28.37876212,4.32588377,1.871424213,8.874963395,5.292826584,1.41037097,29.63210888,11.76889897,1.983941389,0
30.72472602,5.261306812,22.87339932,31.42549404,15.48522472,16.68829176,22.00825711,21.72302427,19.71247068,9.839619944,19.58329111,13.31816351,2.613240339,16.24509494,6.562511858,0
19.61311559,7.072215018,29.82684635,61.93059249,5.018084255,5.419530859,29.34848886,2.922716391,1.63596543,7.647706836,3.897617802,1.298610222,22.46158719,10.05084665,1.334247859,0
20.51822362,5.476217993,6.771281786,52.05589363,5.906566431,13.1472924,47.938134,13.23025054,15.49914156,28.10186684,16.51721628,15.08884464,11.99963825,18.23696506,8.417723561,0
21.58215047,5.550604789,32.31768833,61.69188154,5.602801833,5.303641776,29.99622075,3.076741227,1.346396315,7.404419152,3.244385885,1.120898262,19.52837267,8.127946429,2.3115673,0
37.57220281,16.34874494,13.72832343,35.89144157,22.99966885,17.98410414,22.94156353,25.68127646,17.5176418,13.2481932,22.76635413,13.22136681,6.546887946,18.07334839,11.39697236,0
22.68745385,1.997000772,35.95341217,63.36740334,5.010000581,4.966043779,30.36918962,1.672327993,1.097307474,6.828504667,1.831285908,1.352247133,19.32659012,4.721291465,0.394069498,0
20.07256734,8.251797189,23.91060164,21.65561506,25.22280257,15.47464884,13.93800096,21.38721143,17.08935777,9.799292227,26.52564433,17.55130988,9.877318496,15.16758802,14.21338304,0
22.21203461,3.278354098,32.93639682,59.91060477,7.765394563,5.20020889,29.05355353,4.453948087,1.39921512,6.987420199,2.852500012,1.800617363,17.90575282,5.287394326,1.008662511,0
7.762377555,4.336063884,12.39026756,17.52508781,21.12255471,11.25051145,9.071800689,21.42513381,11.94197529,3.260614322,22.70866874,12.57102678,7.361809631,13.32589647,7.780740841,0
21.8945623,7.295585343,30.56081072,60.7849735,8.748955443,4.692198408,29.94530326,5.019527572,0.833658819,7.526743542,3.664351647,0.997179754,18.72821725,6.341990181,0.346968205,0
4.168897543,2.643798314,8.426882239,17.00642981,20.88283509,6.955986364,9.117180955,21.46000438,9.933049584,2.749130874,22.3495895,10.87796492,7.225787915,10.52083543,7.657706105,0
17.08796039,9.943451792,26.11782256,62.07158717,8.573632199,3.48597836,30.09884108,6.501028686,1.537064201,7.995240609,5.995833365,1.1208486,22.59012452,8.613955731,2.327755656,0
11.24255838,2.434067207,9.003910869,17.78529587,21.69890104,8.661528363,8.977419421,22.10890512,10.64314612,6.824579251,20.47178022,12.53930182,11.17560942,10.95593438,8.135472277,0
14.95646177,11.03110588,24.32020485,59.99302268,9.208154816,2.530520274,30.41876083,6.313972901,1.912350498,7.72391949,7.064314538,0.804757337,24.28363466,8.996809616,2.661179286,0
17.1643897,2.17877706,2.94821697,16.60411754,21.01974838,10.51531154,8.207075683,20.73905803,10.60702674,5.448441445,18.07495133,13.01298685,8.672309589,10.23744722,7.476473148,0
12.76243861,11.21547379,21.95542382,55.35884821,13.03538569,2.800541285,29.53125683,8.453756508,2.1036967,7.09060254,8.871999366,1.559683347,25.94807466,10.84087592,3.155025165,0
21.45215575,2.430240667,4.045495203,16.78392485,20.36718347,10.16459861,8.406457106,21.66584549,10.22710477,5.46584036,19.45776451,13.08724262,8.220029593,12.85453825,8.06859266,0
11.27439906,10.50234896,20.72363175,53.35608178,12.84585912,2.642225376,30.31472053,7.946467726,2.681213556,8.211376355,9.312534922,1.537962269,28.85503327,11.43846542,3.56539828,0
24.32953163,2.972798723,3.246776876,16.58755842,21.5200736,11.09534923,8.094336385,20.96686683,10.19655522,6.890170209,17.8835108,13.68592764,9.541517018,11.4575745,8.788242064,0
10.6145044,9.990646884,18.55680111,50.31911563,11.38261336,1.501238804,28.16011954,7.268327066,2.812181772,6.847721311,7.880266454,2.48343044,29.87578558,11.57899389,3.279356685,0
25.27202737,3.246494619,3.447074837,16.54825771,21.57505109,12.22495771,7.961934106,21.77416156,11.09967562,6.01638237,17.81365145,13.27293907,10.41549083,9.889349044,7.644992575,0
9.81295102,8.661581287,21.09916885,47.32875565,9.502093354,1.890374314,27.12707447,6.449103863,3.170973623,8.375459752,8.355382961,3.591350373,34.30113581,11.84546554,3.468221388,0
24.46608678,3.374168252,3.12946086,16.31630662,17.89434146,9.869805041,8.474938954,19.81675801,8.983432801,6.396836294,16.43002351,10.78584894,11.50205746,7.212793582,5.643549436,0
9.63311011,8.679656102,19.92965378,45.26773666,6.33696091,1.106263769,26.5377389,7.139472281,5.33663665,6.976522708,9.576833114,8.174272039,35.73773266,13.55291251,4.486703615,0
24.65277714,3.193076236,3.245729669,16.52327232,17.7368699,9.241073536,9.095548782,18.95474463,8.16641552,8.637453882,15.46287092,10.22476841,13.18980816,7.571483346,6.316638647,0
8.280814641,7.109634127,17.73374898,42.68512931,3.865164933,2.22929865,23.81386555,4.538026861,5.874183284,6.607226893,5.245846178,9.258853336,36.05846957,10.60375445,3.253433369,0
23.85803852,3.467799755,2.79283694,16.36371834,18.65635404,10.0067375,8.598417686,18.56803211,8.256995891,7.319354355,14.91871681,10.09200245,11.84602415,8.769546908,6.387301464,0
7.796595654,5.856033345,15.6052924,41.03926242,1.815299839,2.775128122,23.6307158,2.740866235,5.888027555,7.616506941,3.175508769,8.776707842,38.58505712,8.933251411,1.321432235,0
24.47840028,3.740482688,3.207548878,16.42251678,18.56842266,9.45898094,8.505552905,19.04797411,7.911409783,7.468835415,14.72505351,10.336914,12.38742551,8.727612322,6.695886662,0
7.172038869,4.782563595,13.88512352,37.94896191,0.305935354,2.905455198,22.08896701,0.754641148,5.034787443,9.255754141,4.104207455,8.009189591,38.83467487,9.120111157,0.601338884,0
25.55551011,3.534345269,3.434441772,16.33380849,19.52443076,9.975637497,8.079804807,19.02569029,8.856342915,7.102675433,14.71154981,11.31799019,11.97727034,8.815554622,6.629441798,0
7.508697805,4.544237208,13.05570394,34.51109626,2.111167914,3.913057823,20.87771727,0.598320521,7.356228995,10.56705306,5.343339802,8.722504469,40.79723106,9.360465343,1.48583253,0
26.73467447,2.880106434,4.240556023,16.26446395,18.50922279,8.872483919,8.464066789,18.87580721,8.440857381,8.03140931,15.06255213,11.08069814,12.07609707,9.213444983,6.275734287,0
6.662013944,3.953524385,14.40907893,33.14868443,2.91453684,3.733890984,19.38170091,1.353456027,5.191565698,9.214671116,5.845261291,7.425350193,39.48722975,9.783239514,1.093734091,0
22.92325782,3.019448375,3.648178509,16.34161203,18.37098183,9.35508162,8.590861617,18.90745876,8.687851447,7.736431176,14.44135471,11.0368403,12.21919592,7.802538826,6.019370098,0
7.800786616,3.468448372,15.11716565,34.81612803,4.206454778,3.266002428,20.4965733,2.069378272,3.59771191,9.804348477,6.025716059,5.941453505,40.16646141,9.880402005,0.555279585,0
17.88855627,2.820990925,5.615471786,17.31634738,20.13967156,8.902381359,8.702401134,21.6007224,10.08309609,5.698394944,18.28210339,12.97182459,10.0736529,9.863530277,8.547203145,0
8.725732991,4.43090532,15.64950653,36.00977492,2.771542486,2.875648736,20.89197981,1.908030833,4.352636083,10.86766168,7.761572724,6.306382949,40.68722231,11.680612,1.014641959,0
12.71978107,3.452529479,4.695476548,17.31672063,19.32652287,7.97017963,8.643502781,20.05245738,9.073128552,3.965887263,17.1486323,11.75143448,8.830462165,10.35923932,9.290232168,0
9.505511982,4.788538895,16.17205594,38.16553019,7.398576887,3.595124815,22.04384541,4.841879995,1.855076478,11.1099274,11.60494266,4.510096033,42.48326345,14.06505238,0.452243968,0
11.41130341,2.770453657,6.604347637,17.59966288,21.06951352,8.521263155,8.35917746,21.33636541,9.560543652,3.970727319,18.69521673,12.58912413,9.303095812,11.93995622,9.786573756,0
9.567361282,4.548981644,17.31015013,47.21709971,4.55937005,4.40550904,29.72350708,4.697543003,4.286942075,11.99432196,11.97254528,4.919877399,43.90354734,16.34244565,0.959834525,0
13.53239829,2.209136309,5.943172376,18.26065914,21.53658517,8.312188557,9.105984451,21.94530609,10.05954778,7.05047514,18.43573718,12.20081034,10.45789093,12.31006585,10.18476184,0
10.70615711,6.012299289,18.60159255,50.26960946,7.811687602,3.491249816,31.19744196,6.137507136,2.672723221,12.69645566,14.65591474,3.2361023,40.39448002,17.09778491,0.869831888,0
11.3700027,2.555164788,6.478992142,19.05809675,24.34227224,10.39068628,8.9252059,24.19177102,11.78095978,1.911982602,21.86719539,14.41496383,7.743455739,14.64813454,11.58186331,0
12.04109749,6.776438875,20.82293933,56.95695468,6.207235209,4.221436997,34.08718248,5.758323587,1.296273108,10.77776237,15.58924479,0.678705195,34.22273533,15.04447748,1.692505838,0
7.591604109,3.686649335,6.300338372,18.23099318,26.38891954,11.60625156,9.340842222,25.9534032,12.08961716,2.051836019,24.18297789,14.8965855,5.962393228,15.17356723,12.39988346,0
14.19863313,6.601123741,23.03818408,60.92133106,6.097606737,3.808819682,34.21013421,2.959625621,2.378658466,8.30724959,8.389120213,1.14675333,27.80242645,10.45671026,2.390990155,0
7.116463718,3.91021337,4.415552793,19.26585692,25.05546944,10.61096174,12.46761855,26.80111188,12.57328003,6.271719347,24.97772298,14.50686597,5.67806167,15.50065767,13.05953234,0
18.45895632,3.690787502,28.72152327,61.39432332,7.305452946,4.371366648,32.75888298,4.342704209,2.302476955,6.842155758,7.134720711,1.682279108,18.8605277,12.18463548,2.61512721,0
32.29165347,9.253891296,6.930223306,58.03979415,11.00450326,21.40545987,42.8802605,27.40104906,19.03546709,25.71266426,32.459367,13.53123945,19.61424868,23.23929426,14.61534044,0
21.66043199,3.421858976,33.91762699,61.27483445,5.64417693,5.31326895,25.90979279,4.030686063,2.22591377,4.846949067,5.235370689,2.491551416,25.77193933,8.844573758,4.140931346,0
21.56219725,12.25542751,15.390221,16.88586202,22.61484849,18.05619917,10.64691105,32.50658944,20.87626354,4.226895421,42.16304774,17.74019435,6.037043188,22.25340212,16.5272676,0
20.00124441,4.435434653,26.22012073,57.44792606,5.521707417,5.786184968,27.31825465,2.023499402,0.900339361,9.007448184,3.277016103,0.857470895,27.558753,10.22600075,0.867559941,0
26.15546349,6.187319048,18.89854827,23.08198703,30.11518801,21.13932253,14.5316175,32.03445615,22.20392225,5.392288984,28.80625809,24.77943807,6.12627518,14.82785804,13.26313336,0
15.96534517,5.939891145,23.140617,59.2996788,6.848315271,5.338550249,26.89672647,3.24790063,1.932029697,9.585414175,2.619872671,2.683621208,31.72102921,7.947540913,1.814790793,0
32.42147754,8.741997617,11.30695976,24.0858294,23.64242052,16.68148206,15.50913027,25.08461784,19.27151709,10.14348182,18.5621582,19.82900956,7.134666262,11.15728786,8.897649596,0
18.58549921,3.05788902,28.33892584,59.36501412,7.452812088,5.644605503,27.86528996,4.357422519,1.804228784,8.65199347,2.736975131,1.188271259,28.30737841,7.558135769,0.6499053,0
20.80185724,6.834813627,10.71779704,54.13306407,6.03354611,11.39752265,44.66436873,12.63613982,13.87302033,26.80534273,11.19873813,11.5941682,13.2704302,8.581292339,2.630045013,0
20.2236591,4.486211512,30.77923257,60.54292933,7.820612258,5.364494779,29.32729861,3.999366485,1.613031104,8.492195214,1.952337772,1.093471731,22.87469538,7.997300256,2.003600992,0
39.94063248,15.57763696,11.89215744,25.77515719,17.71927313,20.92320223,18.99735607,22.57493541,20.85266691,11.42009759,25.17362617,13.15115327,10.34712134,13.46961106,9.860607469,0
20.99073519,1.855125147,31.89535459,61.06716944,9.79767368,5.689760892,29.317084,5.650595135,1.725841383,6.956350921,6.296744455,1.508107484,24.84213001,7.454688864,1.027734997,0
15.91956929,3.647335105,13.54021352,72.12335805,8.037815162,14.91423269,56.41858322,17.36026209,14.05616623,31.38148873,16.28218252,9.129542482,14.30815025,11.2655595,7.87877065,0
20.96392741,2.858695045,29.65956744,61.41666068,9.637027507,4.771455527,30.75128921,3.712778689,0.822971238,7.777654246,3.580779506,0.758540305,22.11070688,6.694449557,0.987749311,0
11.09407685,6.752691356,3.271976238,21.87781266,18.52833375,10.53122599,20.53348892,24.20781346,11.7609539,16.80457184,23.74740652,9.328494605,16.28588358,12.59878722,9.589260371,0
19.43608104,7.738699046,27.05699627,62.25744665,8.264410654,4.157323478,31.53336494,4.904667401,1.159342252,8.804840232,3.577451717,0.497416077,22.9262704,7.98605177,1.56942731,0
16.16087701,3.133543085,8.905702562,19.75531055,23.2706464,10.43736703,13.38759282,26.35121801,11.79413969,7.150818228,26.46907026,13.32309745,2.320101383,11.80928338,11.91572929,0
16.3392093,9.056447033,22.55603616,59.82063629,7.772316517,3.215105884,29.09174398,4.50287337,2.401600012,8.331730767,4.500795053,1.468583226,26.21532261,8.699071959,1.811210775,0
11.56899534,2.961513507,4.731948491,19.34070036,25.00595435,11.79196659,12.21993934,26.04149462,13.22922703,4.615089622,25.04011227,14.31647551,2.312193951,12.36908807,10.6143336,0
13.36805331,9.545172407,20.48256604,56.074949,8.759907541,2.797727151,28.6130961,4.903556857,2.366363145,9.288134192,5.944339718,1.816275891,28.3502947,8.798319992,2.270840382,0
16.19365499,2.815536129,6.773412165,19.1635841,22.87305958,9.566837592,10.59931414,24.14806578,10.10077145,3.946421763,22.42723097,11.62320911,7.132339793,9.706507039,8.578648591,0
11.65064854,9.303572139,19.64706675,53.22505487,10.14151979,2.208803621,28.70380448,5.618442448,3.196534289,7.94556841,7.269451217,2.959381572,28.26018545,9.62131653,3.11805511,0
14.1951745,3.135162233,7.121400598,18.51246993,21.3984161,7.308078446,10.52867149,22.19347459,8.336865174,5.236999299,19.96620219,9.655976628,9.335216549,8.613281698,7.508471911,0
10.76579397,9.642461208,17.42551938,51.52221933,10.21522825,2.075027467,27.57618182,5.542031494,4.042334913,9.270035671,8.361279373,4.413272168,31.87349201,10.68091681,3.282464498,0
16.88658086,2.921366534,5.712039384,18.54320748,20.35116159,8.782432772,10.29030544,20.44055475,9.527630066,6.739520546,19.54666302,10.92937934,8.759003524,9.101245605,8.001131322,0
9.904848607,10.15045787,17.22860245,52.45041125,8.83037312,1.73297728,28.68991679,4.65267444,5.665284453,9.785926334,7.742180726,6.347995044,33.39642669,11.00625491,3.965137389,0
19.12388701,2.41529227,3.735219652,17.86657769,17.43888976,7.738447083,9.96632485,15.68864416,8.236723285,8.665925639,14.46781454,9.319374698,11.09130785,7.11676577,6.838212728,0
9.998101893,7.535518123,18.32522382,52.3153551,7.011033742,2.525049743,27.71170061,4.747418722,5.477861119,10.40343924,7.979826717,6.955126898,36.17715547,11.32360072,3.992868752,0
19.71416733,2.680802345,3.943653781,18.24161678,17.85802576,7.856759764,10.45022144,16.74903581,8.15355817,9.551902597,15.1811293,9.95421528,12.17950682,8.303786867,7.375157172,0
9.657313795,6.835165963,16.77626304,51.09790863,5.89738399,2.643497084,28.32724052,5.151354291,5.868641296,10.44823139,7.82086917,7.697385214,38.09986654,11.32821557,3.56211319,0
19.36047478,2.89479541,3.182089192,17.59277791,17.53208138,7.764535596,9.49391741,16.38437676,7.4298393,8.676914258,14.62321972,9.61288769,11.56135432,9.179904101,7.099435533,0
9.121269211,6.209042151,16.55417414,50.47940927,2.736516753,2.688797561,27.63812145,4.787454317,5.88394818,9.7561225,9.004761921,8.880800225,39.75035331,12.17431853,3.595786729,0
23.70960454,2.948544972,4.161184755,17.67555613,17.03046723,8.318253404,9.294695738,17.70649838,7.293425291,8.027823995,16.06037774,9.560132426,11.70169897,8.803691248,6.956200964,0
9.020247452,6.10389085,15.84945933,45.97586757,3.856268848,2.760306725,24.89443442,3.742665506,6.838107746,9.625449743,6.20545952,10.46821478,39.69742705,11.23156391,4.779073291,0
23.78542708,3.029758701,2.1462169,17.67846111,16.24774937,7.682378331,9.712490881,16.92938329,7.296866397,8.750173551,14.97776265,9.592967528,12.51594697,7.325721193,6.243578169,0
9.049553046,6.172598194,15.91185043,44.55117574,5.577096106,2.564138397,25.68326872,4.081286991,6.810742249,8.761563958,5.904954954,10.41542255,38.40508026,10.62891838,4.726598174,0
23.53093283,2.900106528,1.942403918,17.15362301,16.63692839,8.015319233,9.901389791,16.84024168,7.573040341,9.086765307,14.42278436,9.346912026,12.24215926,7.345316682,6.324041753,0
8.794654941,5.990015538,15.945214,42.96557671,5.109439678,2.586335032,24.83444202,3.780385792,7.996865571,6.611360741,5.733207193,11.98209623,36.66895538,11.20504972,5.172488785,0
23.35788246,3.172077206,2.062494381,16.98295983,17.18163667,8.20534996,9.30507358,17.36198519,7.358671028,8.432475622,14.90814919,9.403334031,12.51529045,8.156232536,6.76919788,0
8.662253499,6.065669519,16.43613863,42.32498071,2.902203676,2.944129144,25.07245995,2.880742416,8.252275348,7.159630246,5.917622003,11.3473403,37.77057621,11.17672916,3.284421108,0
21.70634696,3.399867331,2.264598562,17.25211819,17.51953477,8.327316914,9.794013603,17.34115431,7.450469716,8.556894923,15.48932797,9.822145691,12.32767913,8.601291087,7.394069244,0
9.330740492,5.66812315,16.75179285,43.87294382,2.499494008,2.848261242,26.50097163,2.320371572,7.686970211,6.506725821,5.747971386,10.77300439,35.02822625,10.25990169,3.224203751,0
22.80762426,3.350517623,2.075746548,17.07416707,18.02253319,8.579592202,9.267565958,17.92689231,7.325838646,7.94141602,15.80671683,9.7462383,12.18015217,9.115297809,7.522160607,0
9.426370114,5.787623019,17.09038314,42.83196909,4.932840276,2.998937113,26.50924527,3.069065615,6.573265616,7.582317608,7.128501343,8.688059135,37.50405124,11.10204501,1.202640613,0
22.86938777,3.173409579,2.067261405,17.49156256,17.53747508,8.309947668,9.63155172,18.22234821,7.232823367,7.802636245,16.03895971,9.329424366,11.15811121,8.63162164,7.21836331,0
9.178868675,5.791841832,17.39618598,43.40249752,3.722233289,3.200662761,26.76156329,1.855589417,6.257503418,7.576441846,6.441952593,8.179012509,37.152034,10.36549109,0.981932285,0
23.75986249,3.498082034,2.641337366,17.31422794,17.55224107,8.373256279,9.406283732,18.46266684,7.178566581,7.265119167,16.7768552,9.494095262,10.77423616,8.492904511,6.888877727,0
9.465291299,5.347493469,17.39535558,44.65128667,3.343030563,3.331454378,27.84337133,1.287907816,6.564531586,7.325926313,6.17421196,8.463052043,36.45511546,10.24563407,1.113644987,0
23.27269939,3.553786769,2.643913926,16.87272763,17.3266686,8.529231618,9.275218922,17.8643745,7.591173788,7.930178884,15.78534819,9.720976873,11.67155768,7.22703235,6.116868133,0
9.204881002,5.372561628,17.65302309,45.36423514,2.808507781,3.151342155,27.80905108,1.539385442,6.192996808,6.648854762,5.519811088,8.82671497,35.26132327,10.44988458,1.979459145,0
22.95919287,3.510726559,2.718683717,17.04362908,17.53861922,8.679837487,9.87280151,17.78012526,7.861969175,8.563675139,15.53877961,10.21170829,11.11770561,7.979827752,6.156200184,0
8.810760282,5.641041187,17.49096777,42.97323553,5.195183916,3.127832789,26.05638957,3.121023568,4.939393528,7.948757811,6.438151257,7.255185997,37.69515426,10.77363813,1.056804422,0
23.51412629,3.601771635,2.07833969,17.1875783,18.1596889,8.59633017,9.278249935,18.47093909,7.648281246,8.794040038,15.61718085,10.31814208,12.73172029,7.938231389,6.742255665,0
9.180302689,5.360998376,17.35467523,43.84404925,5.90979989,3.230406458,26.69512711,3.178633264,4.313968817,8.065243048,6.850959022,7.190865954,37.51205739,11.30945937,1.293476079,0
25.43359535,3.432670141,2.059950036,16.96310619,18.00501695,8.525707327,9.249903726,17.44624237,7.421759591,9.003360435,14.34891967,10.18878408,13.17593596,7.382793296,6.397417264,0
9.043249631,4.973744239,16.44817963,44.85419933,6.069118417,3.328231773,26.39682911,4.15215498,4.209510111,8.650963031,8.318991589,6.700401238,38.80283211,12.10947082,1.352359848,0
25.84384497,3.29990696,2.872696001,16.71703759,18.38429406,8.774758,8.103511347,18.13972862,7.887890674,7.449815149,15.91965928,11.34676928,11.56065808,9.007393706,7.389164929,0
9.431015086,5.963629144,17.63518449,44.06861692,7.915683828,3.335653004,27.58963617,3.60185409,5.117497267,9.191945164,7.950293249,7.413388217,38.34593251,11.38947833,1.459803865,0
24.50227495,3.451324428,3.036424106,17.1376223,20.77063871,10.2192716,7.844923483,19.93348035,9.151130753,6.470680963,17.58229763,12.77394607,10.3224523,10.93688013,7.581491617,0
8.824988041,5.83725574,18.48262361,47.36949233,7.631919551,3.421098837,29.76641283,4.520397507,4.838517651,8.88172107,7.452713741,7.770552184,36.11830453,11.10201749,2.826244275,0
25.74774653,3.688691381,4.208027746,17.09465721,21.14625659,10.63390181,8.353206175,19.93281642,9.709270013,8.130399342,16.57873147,12.90336056,12.4625343,10.03462287,7.407143732,0
9.018185548,6.440772085,19.39756738,46.9497215,7.578329715,2.786827925,27.8478751,3.606056448,5.214420687,8.514147483,7.356781972,7.805276107,36.58964916,11.66049202,2.61785663,0
24.91557752,3.376024162,3.757446512,16.59509879,19.7184637,9.820307966,7.668808729,19.36039126,9.65869184,7.372764102,17.89952408,13.52989129,11.72910315,10.77111071,8.343579296,0
9.281048889,5.532922912,18.43473108,48.49325263,7.869325803,2.943114227,28.14237749,4.534656293,4.827787152,9.041486511,8.130909103,6.825514406,36.78740247,12.08505082,2.327626005,0
25.66037464,3.296796077,3.20307533,16.78331809,18.60070223,10.41788624,7.20527215,19.15321093,9.704974864,3.667631175,15.953933,12.85117155,10.54969558,8.966943717,8.3248235,0
9.091667366,6.223453224,17.23962572,48.61956559,6.747027441,2.716711827,27.66332655,5.062572473,4.665985578,10.26798624,9.044536332,7.089399831,38.52450603,12.1161993,3.184788844,0
23.30978033,3.965101209,2.071003547,17.00313541,17.37388022,8.775498987,8.49073768,16.84089409,8.083571233,6.046918779,14.28257354,10.35496279,10.45919253,7.074532529,6.24322719,0
8.874657942,6.694549954,16.51096503,49.06495856,5.340580025,3.070286198,26.96615325,4.150465508,4.032292424,11.58395737,9.749648728,6.211906636,38.4966656,12.4257467,3.492741084,0
21.71927639,3.54135817,2.100291723,16.88413056,16.12651368,7.600113661,8.550489248,16.26760215,7.371826285,6.183806545,13.82129798,10.02212437,9.918016699,6.643802134,5.785076568,0
8.108573945,7.319358891,17.67929966,49.64009808,4.834110303,3.44832406,26.69388102,3.645244679,3.600919056,12.1378108,9.522841117,5.027370132,38.50620109,11.91115067,3.289419769,0
23.22130722,3.106547798,2.148116007,16.9028165,14.36739092,5.864142199,8.459119552,15.603259,6.953418926,6.323116671,13.08637311,9.512925498,11.5050375,5.634741039,6.60161968,0
8.444718175,6.892620987,18.79981421,48.41601504,6.010528262,3.129463065,25.94583251,4.64123609,3.090521193,13.75613493,8.449943388,4.822712987,39.02816176,10.95256414,4.19574665,0
21.96025109,2.465263827,1.65353402,15.94112055,12.08228089,5.525359451,7.218642719,12.85122603,6.972100696,5.87669029,10.68492733,9.49553631,11.23484651,3.849648775,5.723753965,0
8.136041266,8.100904781,17.14901313,47.31732623,5.087913211,3.68854689,26.32599403,3.303930919,3.514294497,14.62293813,8.077918237,5.060426909,38.63863517,10.92261921,4.10828758,0
24.48932663,5.164256932,2.442199262,15.97888361,10.74326158,4.902790052,6.321383516,10.37272191,7.332519897,7.009933266,9.949855198,9.333272631,11.79915773,3.320869383,4.616456474,0
8.028098857,7.742843085,18.3351386,49.62254387,3.71931131,4.161794499,28.728334,2.236937891,4.814832908,16.30708394,8.11077691,6.073066223,38.71999961,10.90146515,4.810558933,0
24.42836675,5.731417285,2.938566448,16.48230646,8.67375384,3.550937953,6.51252643,9.637615708,6.305667067,4.82943872,9.881219456,8.450543452,10.95996059,3.885961471,3.867374372,0
8.229768399,8.559414937,18.93125469,50.1925888,2.243246392,4.318773954,28.36625082,2.926327334,4.767218315,16.44895826,9.110936273,5.605882347,39.31360731,10.62080815,4.789318465,0
24.90087351,6.438055328,3.603929627,15.34581999,6.882932122,2.821905777,5.816721265,8.400207125,5.50211562,4.556806987,8.477972143,7.535615067,10.35917244,3.221597812,2.306820984,0
7.974958071,9.459199091,18.92439221,52.90110225,2.175836031,4.29783258,29.79344428,3.686628732,5.133998323,18.55349047,8.649240787,6.016587249,40.25499345,10.26466355,4.782648973,0
26.88885522,8.39975022,4.136442154,15.21484574,4.514637243,1.824440306,4.73719954,4.917066532,2.561117023,6.65735199,4.141651729,3.764744521,14.04877364,0.499411084,0.638593567,0
8.152675934,10.15577798,18.65926168,53.87383349,1.70385926,4.721823797,30.7370172,4.111529949,5.647388615,15.49359728,8.619310976,7.369681182,36.18634052,10.60063029,6.195885768,0
28.54700727,2.197262682,17.96174538,14.10333864,4.605709831,1.180096081,5.779696434,5.625403327,2.338224704,5.455700465,5.022783148,3.751353613,13.03495963,1.53092713,1.867218655,0
8.743395813,10.99213809,18.61388641,56.39449068,2.088804573,4.019513055,32.21221268,4.377111095,6.53874226,13.63170694,9.848679757,9.268364463,33.39310567,11.16540336,8.3399694,0
32.99711136,2.553315748,23.15179456,16.26631815,2.781158169,1.59886433,6.181225758,2.521380371,0.722222896,4.767231059,3.101689254,2.715903008,12.35541368,0.907685472,2.014530165,0
10.25736258,12.16557502,25.12060552,54.33052425,9.769479708,3.091015632,29.22632959,7.722317624,6.211444817,18.94282713,8.66243415,1.38700117,35.86095091,10.82411336,4.586181759,0
33.4091031,1.745024492,15.65585089,16.16438695,0.701186752,2.115967743,5.652131884,0.290756451,0.136605691,5.082976635,2.768799607,2.597692213,11.75876243,1.85933936,0.924670783,0
9.482529927,13.23334224,25.93619458,56.79514195,6.300288476,3.29846574,26.88738737,5.533626051,6.578079604,19.73473494,8.009455839,1.427669003,30.52805249,9.207193779,3.867898982,0
33.78224072,1.593776735,12.5626013,16.98160822,1.149793634,1.960205004,5.238993556,0.735530303,0.664715879,5.344455004,0.81496171,3.108604935,11.30734388,2.125749225,0.954110234,0
12.23928981,15.11588241,25.5518982,62.86085094,7.492949212,3.332169484,28.90102888,5.824060218,7.005141448,19.6006099,6.2620996,1.7899822,31.48365151,8.610119039,4.812559936,0
34.95989127,1.956588532,11.01785309,17.46509602,0.763442478,2.360928473,6.420092503,1.654700843,0.556341457,4.697244271,0.592842881,1.883681471,11.08187013,2.170532356,0.824141202,0
10.97074266,14.15723367,26.5898819,64.33460362,7.285854152,4.35577525,28.80329141,6.969590663,7.801195106,20.66151989,7.773149741,2.998894207,28.84880564,9.14651015,4.298191179,0
33.82046417,2.974526157,21.7782464,18.31791142,8.347722477,3.769257985,11.89340441,8.288863415,2.628517731,6.76056,9.623845151,2.052708262,11.58923318,6.49965268,0.381261226,0
13.33455178,17.5844125,29.78381236,69.1192481,3.902596305,4.967055312,30.53178633,9.116042472,4.890020025,23.56795487,8.313085823,0.779607687,26.03870051,8.258032526,2.599513579,0
27.23954405,3.779322217,12.05540376,18.52629441,1.050226369,1.732262798,9.256378683,0.116027361,1.489363828,2.593550786,3.273992554,1.820384165,9.922840942,4.829044143,5.317469594,0
14.836419,22.90695935,29.71862074,59.53672213,6.685786994,5.082821992,24.72144697,7.673311708,7.454041204,20.43377035,6.616721632,3.752695855,20.58861826,7.004517373,1.276495269,0
29.94722065,4.782423713,18.48982323,18.96404492,3.95691538,3.43472846,12.73640632,5.07339772,4.558283784,5.587153005,9.533983419,9.723539697,9.237535885,6.750926272,9.500952952,0
12.85591959,26.33268556,28.77395862,72.1179858,7.585383279,4.56673032,30.53164165,8.393777631,5.832885508,18.47892236,3.37075922,5.361208321,21.53335946,4.278220261,5.548668498,0
31.29468182,6.256328893,12.16327167,21.06767725,3.157462701,4.239077332,9.542799684,3.804504735,3.849966385,2.29358748,5.548229195,4.187339201,10.60390315,8.157468107,7.39195691,0
13.77254294,28.71710411,34.0657157,68.66869291,7.361243006,4.774890031,32.25343052,7.694281506,5.138259301,22.10512092,3.212212091,5.877046518,23.90268446,4.68326587,6.576782672,0
37.71245071,10.3899328,8.385982769,19.85647541,0.539286332,4.914105543,6.229363226,0.81606686,3.382588715,3.859231236,6.117367394,0.812914604,10.92590809,8.818384885,2.007137341,0
14.61191108,23.77494596,36.01205567,55.31084045,7.366839936,5.170451824,27.13260027,6.865884974,3.895472654,19.94772716,1.873968287,4.819714034,20.36597109,2.935632272,5.427913122,0
14.96964414,18.08034848,28.24723659,21.27118171,4.45802326,7.497962489,5.016574457,4.790231536,3.765236911,7.407385159,5.799953136,4.802823439,9.885656043,6.411032543,2.695194386,0
9.733707901,42.2462806,33.32238582,27.95415178,6.533686036,6.553362845,12.51061652,6.480286723,3.346212166,9.014665929,5.336398751,4.672751765,7.692752786,5.37173199,3.249987247,0
11.9231429,46.25639083,19.46025252,26.49981324,4.88844743,5.896791457,13.68995819,5.074393336,3.52154465,9.521475332,3.226850464,4.209601147,5.312132818,5.026209259,4.038980843,0
32.4147572,54.22857965,17.36162338,22.0908294,4.128423471,5.574214941,12.29074431,5.792794117,4.220496098,8.80067453,4.248784347,6.465831906,5.884933221,4.873097376,5.636982218,0
33.63034281,39.27730016,20.93930009,8.290383983,2.759069522,2.742338041,3.529599952,5.405951237,2.657583038,6.347935948,5.597138289,4.201749453,6.795169723,5.303002093,3.450448692,0
42.25289344,30.96163277,12.52246638,5.114619035,7.501061792,3.275740145,1.607247101,7.98552804,1.346903597,6.938554115,7.017164114,3.206750564,7.580015427,5.817366608,2.653009427,0
45.02286793,30.44639922,3.732166767,4.448049854,7.560147295,5.0962753,0.790378136,8.822311688,2.796991471,4.772085002,8.422334558,2.260130525,4.528581257,7.302806478,1.979596172,0
56.51481809,17.50962577,15.39500519,5.099278954,39.95323771,25.63005225,23.39051002,42.15776213,29.66306875,29.13207232,42.72390871,21.72717963,26.81606341,29.22977047,23.40643835,1
53.36555487,31.11130259,12.13605084,21.53737067,24.73994745,5.403803569,29.65439995,31.66193004,12.75248457,31.33416716,32.41711931,16.04190787,11.90580994,13.17412138,11.05119016,1
11.77743891,13.75228602,7.220468274,52.68985868,15.21691817,7.893711958,45.47816715,10.66697104,21.39240788,43.81196855,8.954011876,26.16591912,57.58972487,13.99209484,5.783955166,1
22.12830805,20.7279908,2.250592227,56.6945877,22.6385237,42.79731899,50.64878965,13.01181051,20.34877405,56.89453153,9.742822406,8.577476006,50.56201172,2.958938334,5.72167532,1
16.17397289,14.64615147,6.299679511,46.83586832,37.91899542,18.58737034,47.78910279,30.40118861,8.062900222,39.88343054,21.66973463,14.61663194,53.02168253,38.71670658,39.75464624,1
8.413860861,11.0268131,7.182689859,42.89095217,40.92377047,24.6199656,46.52081676,33.71456313,16.90978693,44.03763761,24.52285035,5.312464225,52.16543943,14.10562167,4.611971337,1
7.361551618,10.90785703,6.218951906,37.44558574,45.01908727,31.45074609,43.73847835,56.57002793,41.36102709,42.53741163,47.62090162,43.72941882,45.45724759,14.26066739,11.45501709,1
9.887836466,11.68270907,3.581141859,37.41486995,52.43416491,45.70023099,40.85659757,52.36293366,50.77126523,39.75108749,47.59979383,54.25180092,43.92887913,14.70794735,12.44038333,1
11.32514666,11.7585406,3.710208798,34.69800236,72.75783184,48.75152878,37.82009761,79.87596451,54.00240032,36.03490884,66.24109638,58.08464622,41.2318353,15.11689687,3.51392132,1
14.77266191,11.1712659,5.118325474,37.12684762,85.39103459,46.87682153,38.31275961,97.57223168,52.09640693,37.96656272,80.21929597,60.38388722,45.67857191,14.91493231,10.58345468,1
12.42468369,10.88789876,6.354254002,34.48747501,89.89618863,46.65755096,35.6557769,104.8450391,45.29316103,31.98098868,79.65163679,60.2253721,36.62676685,11.76970117,10.18523417,1
13.93259031,12.60021739,7.417423606,35.28302099,113.212758,35.28455498,37.35313528,122.0259953,32.70768624,33.15451964,119.2216839,34.2331628,31.99225941,9.655251083,6.238062788,1
11.49993876,13.46443043,7.899766606,35.42139055,116.1503088,35.62399351,36.15386585,124.9011689,31.251742,30.08446671,124.4568648,30.85648174,28.17650002,10.12818061,7.40201436,1
13.2825473,15.10433818,9.47316173,34.59942302,116.7331793,38.21500786,32.46732915,128.4343616,32.05408259,26.05786775,130.3884309,29.13461883,27.74670135,10.17959454,6.980034374,1
13.17029819,14.78015561,7.838648575,33.37566255,121.3470993,42.92201927,30.96136313,135.2971937,34.5253299,24.28544203,135.3646201,32.09631313,26.73906894,7.559292429,4.798542921,1
15.56921742,18.86977266,13.6861066,32.30834185,130.2451831,40.41233636,29.12744135,138.1085757,36.52412555,22.0776861,138.823458,32.96548403,25.37629166,6.673826316,4.528958007,1
17.50971305,22.99422623,20.77262234,30.56477909,133.7178186,38.43517101,27.60205532,138.1434096,37.0482592,19.82819262,138.095152,34.66352923,22.35980251,6.922850176,6.360706507,1
18.56917987,25.08034178,24.77456463,30.19826135,136.5813755,36.0284551,26.19428919,139.5898841,35.97829666,16.48176785,139.9910203,35.22415777,20.67990693,7.321752871,6.966666495,1
21.75125553,26.77841162,29.74761241,28.61981167,141.0911512,28.84250575,22.12836875,145.4762269,30.20444349,11.55730189,145.4723183,31.79940085,20.02149974,7.145909085,6.359945064,1
24.12201178,27.93725232,31.85783155,29.16337832,140.9063078,26.80755841,21.05600948,146.9009856,27.10117485,10.50798235,141.5379084,35.83593875,20.07855305,7.803490015,8.17365264,1
25.02435498,34.77884855,41.5880209,31.46841812,143.5618455,25.3610983,19.72373906,149.6975995,23.56744943,8.323009678,141.0139073,36.35788543,20.23490657,7.62880495,6.989010072,1
20.08288953,27.9866629,32.15745405,32.94292603,142.6905565,26.32534232,21.56563642,147.5775261,23.23517766,6.419266779,155.9361368,22.83881353,14.10273608,6.645839472,6.897961381,1
19.86211251,26.44885106,29.1594125,37.03907201,135.75076,29.50193176,25.48126952,143.0560419,27.59626907,9.130506252,152.621672,24.40776037,13.33570998,6.188024063,6.627819917,1
21.79729606,26.793494,36.20919852,40.53661495,129.8335754,30.46538755,29.63757692,137.9485267,29.44336098,11.93846206,150.0428115,24.74593965,12.89469415,5.404695206,6.329329884,1
21.84506802,30.96206592,40.16515011,39.59178221,135.1744095,27.46896808,28.00915323,141.3817478,26.3313793,12.04842935,152.1007051,22.84137551,14.12462143,5.153500377,5.607362183,1
26.17269663,32.6652342,42.16385988,38.71885202,136.4467262,27.1468551,24.53508887,137.37765,24.29449212,9.333813341,18.75892415,13.25219697,20.39830405,5.718499451,5.60119535,1
23.61354009,27.9085104,41.06593481,34.841513,142.4260509,25.36658007,24.60798741,144.3796788,28.4948096,10.9390393,130.6317774,52.04818512,20.52986585,6.215180771,7.277780724,1
23.29945929,28.61180698,38.22753524,33.14358291,143.8943707,24.62377349,24.1834303,145.553706,28.72654381,11.59149283,140.7438565,44.48841324,19.00302075,4.445008262,6.850010666,1
21.45026277,27.6855087,34.98944551,30.56662778,143.9892451,26.35248336,23.75834241,145.8537795,31.77047315,11.93074315,148.3599355,33.77399244,17.92698518,4.495644673,7.093870952,1
20.48836664,27.23117228,35.21349823,31.0370746,140.7930694,30.69610468,24.61894086,142.8016626,33.01819751,12.43724546,148.4643575,31.60272705,17.2233006,5.522269104,7.496703529,1
21.19174547,29.06351867,37.66743263,30.73629068,142.5725791,28.99697848,23.56217832,144.1535346,31.87348213,11.31127936,149.3564027,34.42209719,19.84053335,6.240815343,7.064611796,1
25.19922667,33.2499145,42.31270014,32.42382222,141.8923377,23.73292027,21.28147557,143.2536529,23.19114743,10.98341561,13.48126171,18.10017603,23.4195562,7.179415907,5.270951822,1
23.11053758,32.68155092,42.08981416,30.60167538,144.5120777,24.95585396,20.65371203,147.7120276,25.35297306,9.721185226,144.9153871,27.80703072,21.92914203,9.01018619,6.395520196,1
19.7094507,28.66847759,32.64338044,35.12499995,141.3598384,27.02661089,24.35248631,144.493118,26.20211183,9.190435158,151.5377088,25.10313227,14.35526903,6.548677224,6.334829602,1
20.10712219,30.51164112,32.9202214,38.07356191,137.9289672,27.07407013,26.2831725,142.7479444,26.3033881,10.42701934,151.6522112,24.8276008,14.90768098,6.753075142,5.751878755,1
20.45895392,30.51639584,35.86754496,38.09764835,134.0937043,31.81588396,27.04662737,140.1159531,29.96585316,10.05518716,153.2445244,25.70353149,12.98295425,5.687328518,7.042043392,1
21.09089441,30.69509777,40.25172573,36.66094071,136.7009848,29.2939516,25.27225332,143.7434475,26.46705666,12.0403694,151.2488549,21.13370859,15.778816,5.178446182,4.752532559,1
23.24946703,29.43555703,38.39122887,32.27966779,144.0226005,25.97185595,21.68439161,148.8145684,25.87790183,10.24140741,151.79652,23.64712321,19.73914804,6.379666947,5.987136376,1
27.65448744,31.20344368,36.6227282,31.80516227,146.5266411,24.01820257,20.81431177,152.9133466,23.91916534,11.69799739,128.1877532,50.90978773,28.58117381,18.31822094,11.32980399,1
27.47940753,32.88683469,36.527913,31.72161368,146.2662153,24.22873701,20.25174993,153.7026753,22.92413842,11.5327967,130.9430062,49.64900349,29.78247126,28.93603715,15.66244286,1
27.96174613,35.08978633,40.29243238,31.94586482,145.7904874,24.52402346,19.02405056,148.5747783,22.89365245,10.33297699,14.12895205,32.59994261,27.86500496,11.24164684,6.222054017,1
23.39991189,34.1315351,42.75085411,30.56024471,149.1301187,22.43096107,20.57904081,151.8622497,21.6819922,9.372957595,150.4498476,21.10656846,20.82013991,8.267858243,3.888194134,1
22.12715351,31.19882181,36.06343818,33.18660579,146.470208,23.63598413,21.80356678,149.8303176,20.86814723,8.802835123,152.7737436,20.08721556,16.14001357,7.051500732,4.847290704,1
19.98484076,29.80478709,31.41994654,36.32859364,137.9223015,26.57675916,22.5601414,145.2084357,24.12738617,8.563851091,152.8548579,21.52732036,15.39762684,6.30386658,5.77335153,1
20.32059836,31.86562537,39.1670298,34.9801023,138.5309908,26.01259865,20.84930616,147.8511096,24.85113075,8.369199008,154.0917086,21.69527246,14.35235258,4.557679665,5.777857214,1
19.71206732,31.34053726,39.10607407,35.06108192,137.549873,26.90746761,21.14379865,147.2452141,24.72441677,7.606057346,156.3859899,21.18348861,13.36191397,4.184117174,6.377377328,1
20.00899719,32.26887501,41.60280354,34.48678969,138.4360301,26.68061008,21.04721565,147.12324,25.47540887,7.558533757,155.4548978,22.17103965,13.94161876,4.36833354,6.312390092,1
20.55478163,31.72986619,38.274764,33.89839495,140.8219632,25.03993143,19.79198803,149.7494589,22.89217813,7.631435518,157.5906695,19.19575922,13.70617458,4.266548804,5.887662023,1
20.23722534,32.10718843,39.00056209,34.0355539,139.3663021,25.55693706,20.00362735,148.9739799,23.53621665,7.736022531,157.8011419,19.40294264,13.96311474,4.292067718,5.34987016,1
19.86242048,31.26093377,40.61443533,35.2708549,137.7530797,26.50232407,21.2743912,147.2827133,24.49444399,7.653558081,157.6155476,20.25027551,13.37999173,4.274158133,6.053587534,1
20.63283103,31.21289997,39.13809164,35.67789373,137.6177424,26.55180365,22.30562271,146.1764847,24.66680572,7.061014885,157.404002,20.66320553,12.82874984,5.058935941,6.379664307,1
22.3197043,32.43737807,43.24088146,34.79856027,138.7487521,27.58345811,21.85814578,146.3684704,25.35000651,6.88337876,155.7039809,22.32278514,13.25193741,5.410919486,6.506888216,1
20.85481672,34.62626366,46.53277016,34.38535605,139.8125725,27.93779078,23.92299966,142.6911507,28.67102416,9.058504369,149.7644446,28.68197988,15.98314683,5.873968335,6.59852654,1
22.8745769,33.76087553,42.89721729,32.54546826,140.5150594,22.87429628,22.0227003,144.9131922,26.74406086,7.666954543,132.5315748,44.97739065,18.6258407,5.465067275,7.246856218,1
22.11122507,28.91424263,33.47313369,33.10294901,128.2762187,24.19205966,25.77258684,131.1325839,25.74375491,12.31756503,16.37962736,12.69310174,22.02332151,7.229928133,2.847787083,1
14.40519637,13.23935149,14.12213945,32.65039466,136.3925386,33.40646541,27.50055768,143.0109285,32.52412281,17.62189142,145.173404,28.00586934,26.27581146,8.346580731,6.840706874,1
13.08974334,11.97804732,10.68282875,32.76943308,134.4366325,27.93351494,32.33313448,138.2013718,31.6124516,26.36134789,139.316169,29.90016268,35.44297818,8.970285959,9.770738919,1
14.17631667,14.10641377,38.52114159,45.30734729,127.5726756,32.23114376,58.90785441,132.5943724,36.07446637,74.50903462,127.8138841,37.33375731,80.82062146,30.50579472,56.14914103,1
14.72773326,7.808992878,18.16889083,41.02861603,130.9924566,34.74974442,37.36305159,151.096828,22.64906254,38.88462199,148.3823989,16.49967298,57.923794,132.3600268,31.16939649,1
16.03928341,13.74908452,21.88386529,44.28666869,8.205453505,8.011992786,44.87070427,21.94612947,30.78306312,61.25986427,22.14870802,29.34281581,47.69184457,21.82626966,30.39002982,1
15.54943318,31.23495936,44.04426007,58.32023826,16.71859649,4.051651696,65.48778943,30.60093767,18.78552562,74.49237869,22.65913042,15.94766407,25.94908217,18.26529917,6.823625561,1
29.01554391,41.87923684,33.76197964,42.24278958,35.61391027,11.40326341,50.73795534,41.46293446,20.60502972,51.47719458,37.74647491,26.25730628,8.100073186,16.90557908,24.10003043,1
49.53588111,31.24235067,5.989499068,18.08687355,39.39918698,18.17052213,23.86430356,35.35985418,19.64613073,25.04671282,35.79505453,24.32473266,27.20279266,34.02302326,22.20016442,1
30.41919073,2.487386586,2.870467886,12.02711459,14.62736967,8.067614278,13.29267469,15.56597125,9.545154171,14.26023348,17.78553063,4.33735803,13.34499495,10.62275697,4.448162424,2
33.20783604,5.022844005,3.274840744,18.43102326,25.46149545,21.1265142,21.23401976,23.1998161,20.25807091,20.64468235,27.76229168,11.05778715,20.73763274,19.90018402,7.384839337,2
35.43045986,6.200120452,4.822953079,14.10293733,30.811989,32.37489847,20.90211773,24.05376735,27.58014699,21.81584227,26.96966206,17.86123552,22.6351895,17.13247124,11.39983956,2
41.84146211,9.82718251,4.230455025,17.17160844,69.17622492,50.59261438,21.21360746,66.60817235,47.5767436,21.58778967,71.34377179,36.73190209,23.05749429,51.11084758,35.49407477,2
44.22887918,10.94678028,6.166428868,20.81568979,84.25084218,41.7085073,15.41688566,34.90419369,34.24683915,13.64906676,31.29588341,34.53553003,13.71817453,27.7019882,31.33318512,2
48.62088024,12.97901867,2.129388382,23.6344073,94.06496322,30.25648007,18.01273355,20.29822633,13.33721971,14.77585464,12.03878723,8.669089626,8.310001177,12.58003348,8.424796351,2
43.77456596,21.01173826,6.735774902,23.30793846,84.99231064,32.28262576,22.30241004,13.71470893,5.409573753,17.61042193,7.241757776,2.135736794,7.280539879,4.283131164,1.644948128,2
38.93622852,30.85940089,19.4124051,25.63060884,86.8464668,27.58318587,20.21787077,14.80821127,10.73982205,15.17590444,7.686571464,0.791144344,5.732992969,3.398212127,1.265301964,2
33.63293028,37.84741997,14.36833753,21.25071988,63.66133042,22.82303338,22.95013917,18.70339802,8.692130505,16.62469477,11.69288867,2.579994631,7.84354604,4.232458335,0.98942689,2
35.42930814,35.51342677,13.19803253,30.897275,31.38667898,4.854486375,26.2454634,15.09161516,4.027351869,16.6181779,9.792720753,4.074226365,6.182016816,7.418152602,4.064973905,2
33.12918519,32.90556303,12.95342734,10.82439511,16.85388421,7.416673136,18.57809273,13.33984104,2.299772883,18.9980479,10.94591652,9.221189307,8.166527833,11.91805164,1.75915498,2
32.54633161,29.89109037,8.326115655,29.52227759,13.87100665,9.061094085,9.218382133,15.45758775,3.417992408,19.50522797,6.804331478,10.93909772,7.275239091,12.76082027,5.013855912,2
17.52068918,4.723545948,5.8128694,19.70875303,15.45631324,1.782248553,27.73648534,9.341149798,4.354301709,19.95519047,12.56472121,8.783652392,4.31230426,16.06890268,6.707400994,2
29.47788098,26.04907975,10.97542282,27.05501379,14.97030462,35.40605462,5.876262814,32.58532592,32.00383757,24.53356888,26.65186159,32.89559874,12.57392807,24.97990902,25.78211515,2
25.46793782,21.17864231,9.339474529,26.41540145,11.53376139,8.080864353,19.99032046,4.337404027,6.927038349,19.50482166,7.129492844,7.337183185,17.11376302,16.80323242,10.37135504,2
25.62696023,29.43942446,27.73632651,35.13294327,10.88042716,9.927893902,24.57714599,8.138760729,11.63457853,18.56188194,8.555788986,25.00063851,20.38598761,12.08771553,20.31725103,2
23.04562964,26.68055898,25.47627162,31.16357898,12.54308327,7.348794296,23.29798337,8.572480579,4.155829379,21.68176674,10.49290533,17.23283249,30.52798456,19.04902156,24.45861894,2
16.24177337,23.64401361,33.53404071,20.23454585,3.860402631,5.225854822,26.7979774,7.865205127,2.235150171,17.0014747,11.42030429,12.6034636,28.4936732,17.5181527,17.69578961,2
21.09438013,31.12007646,40.66686232,31.05220518,32.19252774,9.05518986,19.25611844,15.33793529,6.359881189,16.47664454,10.47602841,8.719085248,32.83388797,15.91660001,11.68959259,2
9.933634884,3.715223473,8.981710597,33.9117263,11.56988618,6.144954302,22.27784029,8.139084534,1.036718089,14.00978316,8.596364715,1.356406531,25.59874418,12.03687404,4.105230487,2
15.29388231,7.097252441,6.248654025,27.72719937,12.64604511,6.559399074,19.6812196,7.778750594,5.166658971,11.5712203,5.396864806,1.685182943,26.19759535,9.394872528,3.043416387,2
23.0217465,23.44847886,25.57649493,20.62128553,21.40244665,11.87844528,19.88016661,8.719153899,5.751385098,11.24548786,4.974351619,3.701980597,28.09327518,9.197932178,5.841537089,2
22.66016154,20.62370632,24.36205731,29.19940543,52.26791815,29.84577515,18.82262732,16.50394002,7.846851111,10.21222978,11.83561819,3.006226544,23.75202338,10.25702703,8.720449122,2
24.04985623,19.31144154,22.11537826,31.86951886,10.50566752,7.783621474,18.73231848,8.012165298,4.031327434,9.862818777,5.370288043,1.261355213,21.52113826,7.513812527,4.966104497,2
23.82140493,15.92774277,16.5417725,29.30995872,15.9729889,13.8864667,16.84329372,12.26794727,8.837285736,8.235020777,8.172643182,4.351028419,21.74906988,9.427007117,5.999255227,2
24.62299326,24.61507725,29.3974125,31.08512163,22.84552884,15.88755856,18.22448686,12.04470543,7.648902112,9.451309745,7.079541274,2.064155766,19.27377312,6.218994601,2.827522611,2
24.1723296,23.07817857,30.26340469,28.58039124,20.83417154,19.53322181,16.74080658,11.69203052,11.1080535,9.055075006,6.62162006,3.994757855,18.24198822,6.916580087,2.845749713,2
25.29352532,22.53638344,25.52804271,29.66185138,24.7496456,22.47696526,17.06943287,14.11427606,12.16372515,8.102837246,7.942202628,4.162307195,16.22165308,5.904990816,3.135815211,2
25.1134921,20.07074003,25.55732971,26.90903685,30.93605403,33.99027033,16.98840175,16.82611745,17.24092359,7.219267601,7.755652553,4.893142944,14.04099372,6.547464904,3.727908237,2
24.52234026,17.13068658,23.60300952,24.82144722,27.69635818,31.82204954,15.30669054,18.36581693,19.64469836,7.004812327,7.313299288,3.679922928,13.97298061,6.791136306,1.433866078,2
25.38894669,19.02159781,26.38683833,25.6558693,42.41461826,49.0150109,15.39037713,21.7985291,23.62347064,7.452234945,8.514304149,2.716230784,14.69436808,6.708142065,0.722187869,2
26.49860666,19.77668438,26.78250134,25.37819106,35.31184409,43.79797356,16.14234499,20.7028612,25.79967518,7.576253232,7.54307087,2.977019596,13.50396189,7.472355587,1.059803077,2
26.71042098,19.32956328,27.08528567,26.83764203,37.34364816,46.27291733,16.57636376,20.11367816,26.47355121,7.505286491,7.532592121,3.469942802,12.69380487,6.915017838,0.437360442,2
26.97203931,18.73396876,24.68922074,26.10216653,37.25172097,45.2473948,15.92077719,20.08782117,25.87611992,6.335660276,8.762812017,3.580002092,11.54392587,6.448067204,0.599152696,2
28.44335052,18.66066354,23.13883752,26.73227331,36.30148475,48.86353128,16.67106974,16.98267898,22.05342258,6.524157957,6.884343063,2.472950481,11.104511,6.499971911,0.391663729,2
27.52635428,17.79266972,26.02191839,25.4683597,39.79107603,52.36473407,17.41652159,14.75802547,17.12171313,7.142966735,4.7997072,2.595908584,10.8461138,5.573291482,1.080720572,2
25.94336534,18.37350163,23.29028318,23.79488869,34.59334241,54.18482226,17.03410998,12.09498805,11.46348184,6.358348081,3.779981565,1.449011143,10.45660597,6.301540419,0.906481223,2
25.03677002,20.77216432,27.73434136,23.46429649,34.00571915,79.84363421,16.1491275,7.238803455,9.089328661,5.591692173,2.709438817,0.761018129,10.25311707,7.61968587,1.139770776,2
25.56828792,20.86157862,18.87776712,20.58376985,15.51008352,21.77735938,11.73076137,6.296658142,6.562077908,2.55702279,0.957752069,1.516046013,8.653643231,7.458326191,1.436758725,2
25.2968262,21.31502177,17.74930307,20.55228505,7.894032806,12.31937671,10.82176071,3.736698865,4.977586397,3.505633443,1.895394566,1.945890923,11.66514282,8.048884353,1.804275283,2
25.75460543,26.42885703,23.00860755,24.07274595,22.45189681,25.34941006,14.30598775,3.937451139,3.627029553,5.100648691,1.30254011,1.442724593,10.74970866,9.021976449,1.722338767,2
21.2952085,11.56751934,12.77091923,25.93742858,19.99486764,20.03340326,14.33709766,3.834609367,1.992275359,7.027069494,0.653689459,2.973666536,10.95801178,8.78714138,2.65617088,2
22.24675645,5.773174095,4.67588233,24.5879388,13.82585611,12.2123737,11.71047931,4.841994378,4.809807404,2.779687024,1.502659019,1.220881878,6.778852373,8.421745451,3.097231249,2
19.97528769,5.351346016,7.65841096,25.05454949,10.37482489,5.18961137,12.10580052,3.918410305,2.832614305,3.282050973,1.591481433,1.429709032,7.943276328,7.535434139,2.370881537,2
19.82102095,8.472290756,1.264495009,22.94741424,4.37597858,1.746831788,10.49011648,2.757257939,3.245596348,3.63618313,0.974709929,0.917922387,6.07468038,8.61370384,4.10830679,2
14.40791449,5.499023625,4.210539427,19.31890554,4.749213714,2.057435396,7.938275616,2.193806806,2.002874097,7.880996387,1.274357094,1.616393975,6.863374063,9.248807717,4.684951766,2
18.15878122,5.013952487,14.01549975,18.03157562,7.641060068,2.138317098,6.264065895,4.360230105,4.576948256,8.823592728,4.877312625,1.850813371,10.42723966,5.36163428,3.165259554,2
18.93123126,3.295368941,9.864752837,19.12926169,6.459343219,2.886058679,7.496656177,4.176706105,4.795694318,6.289575005,3.978191211,1.485679923,5.773715113,5.23018529,3.583379096,2
20.67607628,8.956000213,18.13404493,21.96379276,5.589446596,2.180635343,9.294666177,4.262012673,5.532695965,7.571994047,4.471493062,1.733896003,7.363827081,5.049113779,2.783048441,2
20.11592146,6.668601461,18.01566361,22.63907329,5.908302763,3.500569022,10.46734061,2.751970927,5.188661726,6.327931868,2.550619662,1.48051801,5.900793549,5.580595366,2.856937683,2
20.4685351,6.415974062,18.43292729,22.65727574,7.596474489,4.333564701,10.26750748,2.958297647,6.659813507,6.285261522,0.791850686,3.041650404,7.706729023,6.772643175,3.071274525,2
19.45571898,6.227283697,16.69703527,25.52424244,6.705345861,4.617006757,11.89694751,1.245611555,6.187193594,8.89788325,0.290332654,3.762961195,8.995309981,7.042867193,2.902933482,2
19.53860619,7.775284216,16.4588162,27.18369869,5.906514974,3.972581694,12.97313837,1.490481387,5.418555094,10.18762251,1.26941128,2.986230102,8.705563547,8.736317757,3.016861049,2
19.68882469,6.756428122,16.61009936,28.06131437,4.283660764,3.429235524,12.93985266,1.649804997,5.64014215,10.69071495,2.320800741,5.158017981,8.231021206,9.112545599,4.73790297,2
19.65594141,7.620049872,15.6082132,26.6796634,4.857773555,5.145496465,10.95153795,1.397637474,5.572959767,11.65987993,1.029960135,4.560613985,9.263542744,8.187951287,4.743964004,2
19.77381199,6.692081474,15.38555204,25.28211685,6.112143873,6.587720412,10.05337718,2.29290465,5.834216817,13.15335439,1.695618248,3.835270431,10.5979495,7.151231321,3.928137631,2
19.55235821,6.163016856,15.41602454,23.74196948,4.767165067,7.290631951,9.28801509,3.073224785,5.463792405,11.8179452,1.793597286,3.305869772,10.437374,7.396253868,4.155677415,2
20.26606131,5.489669716,15.01066166,23.21656903,4.648889673,7.811876223,8.917662025,3.123481198,5.355482563,12.46271718,1.970583614,3.024319651,10.38520227,7.607965429,4.036284575,2
19.59101805,5.43190961,15.1977958,22.86849048,4.031049571,7.947950483,8.709231431,2.857313618,4.942724277,12.56194828,1.888730471,2.577013668,11.30536145,7.941741155,4.063605215,2
19.74205975,5.688172786,14.84195325,23.10075274,3.759046151,7.61577355,8.78617202,3.000961755,4.961100695,12.56628084,2.2504436,2.668354505,11.66928262,8.333197822,3.994719657,2
19.86552831,6.53088461,15.68429152,23.29481307,3.666439649,7.110781676,9.124802335,2.633587814,4.430164126,12.89262803,2.435201144,2.714138943,12.47821649,9.016774429,4.176519242,2
19.82850783,6.692349953,15.16631186,22.99722899,2.946335116,6.964295986,8.236376813,2.128624317,4.631565633,12.10221347,1.852083816,2.816701163,11.50276846,8.474365387,4.213002741,2
19.95819373,6.746355498,14.86859795,22.37795964,2.744723463,6.532116924,8.366415427,2.42152849,4.789152751,12.26542555,2.122940525,2.920444461,11.372151,8.575959207,4.230645858,2
19.692789,6.917959771,15.09918724,22.17377914,2.642053758,5.974138253,8.452818702,1.966331336,3.998825742,11.96053601,1.860844831,2.601029358,11.61246573,9.068255941,4.095307573,2
19.9084823,6.748327845,14.7127121,22.0271088,2.466875677,6.006975422,8.824878098,1.991996862,4.15292203,12.43498702,2.026865672,2.620153745,11.64208048,8.407617405,4.196872558,2
19.57990332,7.236786695,14.3409213,21.71664023,2.538849031,5.926409997,8.698513496,1.934760454,4.144206864,12.22809169,1.851036321,2.460790093,11.23639089,8.060248724,4.103793301,2
20.21281979,7.845026068,15.30538248,21.91810651,2.646443979,5.401122844,8.393979337,1.519915608,3.958666424,12.07370207,1.51992517,2.500184945,11.04354288,8.020045943,4.141124916,2
20.53448243,8.356958746,14.60754848,21.9165798,2.915283552,5.678131411,8.666152016,1.770701812,4.250447793,11.89352718,1.668147347,2.85883937,10.82118318,7.996476671,4.281776853,2
20.7876659,9.200975805,14.92409323,22.65638092,2.91916917,5.732850749,9.05516333,1.797213773,4.290559468,11.75731858,1.543627489,2.986279207,11.10171224,7.534714294,4.455400465,2
21.11179346,9.3858938,15.86781159,22.98101554,3.208475051,5.680553295,9.457742789,1.532241706,3.770377971,11.27304865,1.38337588,2.704578474,11.11245885,8.355174942,4.390199057,2
20.80754857,10.01569586,15.72726523,22.70429245,2.738695996,5.719757148,8.967369765,1.383710674,4.225748352,10.66570398,1.233846798,3.025948827,10.9485198,7.478985443,4.534629708,2
21.10148907,10.96301017,15.60899759,22.98373388,2.839054867,5.927124206,9.173855749,1.245888525,4.0203255,10.23582359,1.48322434,3.21841104,10.48168487,7.188855374,4.813886545,2
21.39488298,11.43458407,16.80806579,23.1249499,2.94723113,5.90182174,8.598400074,1.242603401,4.145457286,10.61209285,1.171930902,3.202485358,11.00811786,7.05672499,4.748293908,2
21.60679958,11.36936668,16.53584105,23.90290844,2.968667583,5.15104413,9.140465901,1.192572068,3.445486435,11.11659167,1.249994108,2.880346428,12.71704724,7.878823463,4.508246858,2
21.92937981,12.05794577,15.46731389,24.94148217,3.505596338,4.986892705,9.086834277,1.931649831,3.475079611,12.33553355,1.415326126,2.634830593,14.24826452,7.91172536,4.463158623,2
22.19100951,13.40506767,14.64787427,25.92153695,3.761209779,5.102764227,8.502869674,2.447209716,3.130487966,13.43356368,1.375384022,2.324680959,17.63779404,7.71389753,4.165064472,2
23.69625697,16.73892023,15.33116051,28.16444287,4.775025562,5.129079448,9.54854726,1.508556075,1.834854692,12.04687119,1.748153082,2.350951294,19.29123127,6.801817518,3.887445507,2
25.51769339,17.84728659,16.94445071,29.53666929,5.53542949,4.630836202,10.33586086,1.501495151,0.719768803,12.62401404,1.895298866,2.286127153,21.78428808,6.720282612,3.170314486,2
27.36953966,17.89481826,15.05943706,31.42663856,5.722514125,3.790815021,11.49854376,0.960719338,0.446888182,12.96954712,1.401792363,3.502468678,24.87914077,7.187661314,2.685495424,2
28.21902171,20.24213077,13.7445494,34.00534603,6.140673033,4.903662916,13.22215752,3.032961621,1.185874847,12.7720133,2.665006233,3.476796454,26.77966344,7.450621824,2.451527444,2
30.07237384,21.54682122,12.16299821,36.85860403,7.456599571,6.654991437,14.52563475,4.116943569,2.770702481,11.90635055,3.287858068,3.475723425,27.6699155,7.516034911,2.324749253,2
31.32977198,23.32882183,7.984386334,39.76307478,8.381990349,7.566228312,16.78100846,4.828388653,3.617813291,11.64985094,3.399885968,3.428259745,27.42836673,6.804676792,3.014691393,2
32.2306152,25.36171248,8.602498607,42.7822109,8.421979726,5.925424967,20.29380984,3.933591726,2.447894263,11.83055054,3.738326172,3.133831717,27.52421406,7.32242383,3.188048534,2
34.85183899,25.71883444,9.195894481,43.88336495,8.656410542,5.035619338,21.67836544,4.301334648,2.620266211,13.13003499,4.263348579,2.128065419,28.21763381,7.989683144,2.268670082,2
37.06229158,26.94692965,13.5248172,44.52693513,9.175763676,4.94572385,22.60540132,3.99330709,3.264788396,12.94035753,4.970442603,0.185534862,29.05447149,8.637894895,1.995083593,2
36.99269719,28.74525086,11.62663289,45.6483051,9.067822994,5.124579925,23.48573956,3.571463104,3.174587126,15.12788735,5.775246982,0.376078936,31.36702509,8.825793314,3.216050271,2
36.85747179,29.51648143,13.68905009,48.53998875,7.354467504,4.819138103,25.19162815,3.53714303,3.53423974,15.41669256,5.23583744,0.630839119,30.60288089,8.133928645,2.421076807,2
37.36174928,31.34700328,6.597355276,48.71938222,6.472055662,3.919057587,24.54246994,3.816291555,3.302107078,16.66911375,5.219976818,0.964362028,29.79323062,8.165789902,2.288018464,2
38.68691778,30.89552993,3.206304338,46.9999476,3.787847767,3.057049339,22.21753996,3.67611612,0.402215229,16.83638943,6.370368306,2.0138608,29.46275942,8.684551513,2.687498678,2
42.12388948,30.60403157,3.994222732,43.82070949,6.680150224,3.444862428,21.63974537,4.622630589,1.190439241,18.39954789,6.204910825,1.011433801,28.46373808,7.483480662,2.320476379,2
48.04689037,29.11263781,7.302165328,39.23311043,4.868542836,3.90605582,19.95103459,4.561106831,1.528587048,19.30087445,3.569220066,1.530678416,26.28573071,6.095432265,2.633195986,2
49.18822925,29.17440022,5.054706972,39.31528204,4.822539721,4.470394814,20.65084844,6.160834915,1.248096406,20.59219413,5.119546104,2.266355926,23.7863421,6.459206635,3.119007992,2
52.25620917,28.06514221,5.432456841,27.9918302,5.083884252,5.162912482,16.78529464,4.562407313,2.316926572,19.63567854,2.874899828,3.325973428,21.70680062,4.508506799,3.903409578,2
55.89905941,25.87114021,4.246388476,20.5248289,4.805782137,4.835551366,14.68028447,3.771187104,1.616316222,18.56956349,2.430756299,3.418958776,20.37105949,4.213668661,3.911391944,2
57.52668833,25.39356981,4.637712102,15.56944409,4.475588886,4.892824195,13.2190787,3.857652865,2.185479463,18.02208416,1.796407882,3.460017481,18.80133446,4.35739562,3.854406951,2
57.63191351,23.56450394,3.60946082,11.38015131,4.581252384,4.602926196,12.41600012,4.828348064,2.502062936,16.93482919,3.260385223,4.001865327,16.59240723,5.157033267,4.705725414,2
56.03055155,20.21582449,4.448539454,8.242482774,4.86950838,4.129176211,11.59293514,4.748073975,2.205333291,14.64957138,4.083677052,3.546352776,12.57164901,5.143468834,4.149622835,2
61.4239201,17.55346153,1.670721185,3.139371403,6.048576544,6.147856561,13.07141024,4.483711072,7.009260747,16.30007007,4.098660599,5.844908771,13.76503605,4.211356555,2.931410622,2
52.83906342,15.45596109,4.827274722,1.873350502,4.828835903,3.834113232,12.23437707,9.282629012,2.467197579,14.66304523,10.35739007,2.963610972,13.34955725,8.39316857,5.29025457,2
53.40090294,13.69102719,5.441263076,2.765737643,5.980212919,4.133216801,11.40046451,8.758398714,1.88411948,14.20697185,9.830016031,3.599849843,12.77233209,8.323051546,5.511904292,2
49.49240396,13.34300092,5.158858012,3.384162231,3.254463368,3.480349121,11.4202354,6.262775829,2.299619497,15.38295467,7.880684597,4.301978274,13.9159886,6.61565625,5.202742258,2
41.30609926,10.02710866,3.97912353,1.757342152,1.557317149,3.271128033,8.950542427,1.631758247,2.95092278,14.09058377,2.688750049,4.217690268,13.69353007,3.825730502,3.85096613,2
41.83265005,7.593595296,5.02966917,7.084075699,10.83808514,4.660766236,14.53870338,8.888939795,4.416846717,19.28336419,9.308901761,5.552697231,18.5431658,8.841991751,7.997890761,2
46.56484744,7.159871159,4.238552805,13.0809477,19.70262567,10.68104249,20.66233119,15.15712063,15.54096556,23.21477161,17.38420023,11.56229557,23.90387268,14.60051501,10.31958475,2
41.36265984,6.762401836,4.589213174,16.70147048,28.4391372,15.38693313,21.76107522,23.73083017,23.54707905,22.74252992,23.50566011,13.21273863,22.85069945,18.56961924,10.7252399,2
36.88517254,7.50818807,6.085103377,22.56216803,29.85886768,16.21618932,26.53081772,26.77010499,26.99218661,25.42093027,27.64690207,15.81982048,26.82160142,22.88113685,15.58136517,2
37.80792509,5.778683054,4.953356091,18.28414421,16.18246135,6.954313627,20.56964348,14.48788491,12.88574759,20.00990788,13.38160109,6.116860805,19.69062708,10.98590396,6.255525506,2
23.4582907,4.034249079,35.71985304,12.92023945,5.030894289,1.339116714,4.568918778,4.229701495,2.721787059,1.382696398,8.62589847,2.546632715,8.64001525,8.331858296,1.358080965,3
25.40465167,11.93789229,27.16968671,23.11855951,31.77220743,103.3810994,10.44084367,16.8315296,111.6387034,2.550273854,3.541601682,13.2258776,8.459571236,5.324641042,4.968887462,3
25.3000111,8.659203145,11.23816806,23.72148826,8.156771996,6.340054106,16.78779942,8.846868706,5.645196454,9.320598773,15.46455241,11.43244291,7.130086864,14.23280413,16.11859695,3
24.70868552,9.767270942,41.84823236,32.60391047,39.38023988,29.18544312,23.18904708,17.16566548,13.88957854,12.32092598,8.936968424,3.54952298,10.72186938,9.455256377,1.302448303,3
26.83604423,7.531867216,9.772704788,17.51667025,3.264310599,2.233485683,13.21801136,4.810063627,1.892499342,10.32450984,5.710929252,2.752932731,11.85168923,4.377304065,2.539134942,3
8.801423586,5.972184357,37.38681611,32.46855572,12.30040504,5.220596723,20.32675654,8.695793001,2.093187516,6.244066728,1.442131129,1.367492772,9.162966833,3.736145242,0.450169787,3
20.2210587,9.239134882,8.380602419,19.37319452,6.912564835,2.221916334,16.49290742,4.535550573,0.8662385,13.41998442,5.483944188,0.739114742,12.49316298,4.21419945,2.256179605,3
15.21179443,6.04525597,26.39345782,49.54356633,26.9448385,2.098313148,41.36344553,19.63249005,10.81096406,30.69918087,15.58805335,3.046238156,27.92467754,10.44695689,0.90321351,3
20.20554432,12.8934011,10.17295946,27.55343377,7.480514231,2.177832837,27.27683976,6.423181608,1.419335212,23.53897373,5.123658076,0.767659232,19.47281762,3.979829509,1.195473698,3
17.07902385,4.465182694,27.59991675,49.66042472,16.34285992,8.685620863,44.35956017,5.734365686,6.787765251,35.60245824,5.033466113,5.593422496,29.80768202,10.32365227,7.958291961,3
17.59826223,14.2017393,9.781269576,37.60067441,8.014721394,2.210219424,38.98135566,6.647808352,1.487772759,33.90201122,5.655309348,1.9284681,26.19157322,5.704305754,1.93154191,3
9.293800753,5.718331822,16.37758522,53.33244554,24.95271842,2.599701322,55.88148008,8.979996736,6.669522198,54.36574875,4.299010677,7.917402406,51.77403998,13.09627795,6.189958114,3
14.31575004,15.02936666,9.004515668,49.01540438,6.968186613,2.480437259,51.316037,6.232466838,2.749828502,46.89263871,6.867582319,2.556452608,37.64022144,7.903299,1.559904281,3
18.20886523,6.093066374,16.77590151,55.27367021,11.8217154,6.691633389,56.36140497,9.759583141,5.602513043,51.16515298,5.580990467,7.234730669,35.54603264,6.633574578,11.77227736,3
14.84820349,7.520964855,14.20026957,56.74818801,8.580923552,4.124159839,63.63612416,8.9112995,3.651212466,62.36516843,8.908955736,2.399074707,52.55107274,10.20946963,2.114243854,3
8.256877652,4.575195699,21.26787621,63.29753511,1.031200685,3.689064542,63.89529597,1.1885216,0.282335352,57.28224809,4.067450127,1.908634828,46.31924967,9.652797359,5.000524518,3
25.18551084,6.159290965,20.36853263,68.94759846,7.980013251,7.11355837,78.73626441,8.994442256,4.046555089,79.25779695,10.21720831,2.41906438,71.69473125,9.592650975,2.217597028,3
20.61407233,6.415880835,13.07183878,72.78022103,2.917864211,3.781706564,71.17459816,7.290127887,4.415200089,66.90642995,10.19296494,3.233418821,52.86271998,14.23847258,6.832054897,3
24.13255404,5.664890119,16.56925524,78.75088456,10.24098842,7.349831121,88.62734608,11.60970192,4.210439304,89.63188355,13.07012044,2.385291806,86.21149668,9.4109992,1.128986279,3
20.62072941,8.310591907,6.786369941,77.23745264,4.181102366,8.030593281,79.19487619,8.648676802,7.38112797,75.67643668,13.11341097,7.116475508,55.02251081,24.61341579,11.89115954,3
20.64540633,6.181719301,5.662708067,74.77108752,12.16675033,9.453323502,83.94301855,13.61277273,5.091589888,83.36894683,17.42446388,4.408486157,75.81812068,12.63781498,5.376857921,3
20.93083881,6.686237935,5.178850273,71.34137867,8.6124203,10.55890293,79.82839269,10.39643371,10.40542807,80.08637433,14.19367256,10.04108307,65.26324781,24.3178596,14.2239845,3
21.42220152,6.766697371,11.200756,72.34192404,14.72907491,10.05333255,83.52155446,13.92785572,6.024483024,82.5556344,17.41841671,5.959678821,72.93153258,17.28326345,7.716353266,3
20.27172938,7.416006841,6.027866394,71.3129939,11.39938061,12.37059989,77.85646567,12.291743,9.550716656,73.28099303,18.60478298,11.6322807,66.89699473,32.2923265,15.90124332,3
17.37513456,7.82802696,8.135573668,56.07474743,21.95475906,12.41896661,71.34150724,17.99998543,6.844416138,72.54262532,19.84586516,6.444162716,64.10179155,21.7321001,7.723170712,3
26.19649489,8.432871683,13.28093826,45.81600857,35.82228723,17.61508736,73.52097654,34.69481228,9.636357353,79.19445952,33.15415486,11.84505084,69.56801355,41.63496574,13.8707271,3
18.489404,8.4397985,6.859636912,45.15515909,25.81537463,14.77243014,61.72299231,20.27804257,8.427758074,67.44247643,19.22278312,6.492290557,67.03808207,19.00754206,7.307994145,3
25.45405665,8.956155542,9.389428344,40.49420106,57.13987857,21.4951368,96.93379313,28.24026278,7.307702227,98.71415069,28.29702625,5.956828855,91.1770659,33.93854523,6.640437932,3
18.14032975,9.649213114,11.90359341,68.17988103,16.53677705,12.04266438,86.97833548,12.34595163,4.940860436,88.21614878,12.57402718,4.601027399,77.63041487,16.63346075,5.776840763,3
24.55550339,8.298781265,3.241646449,109.8096813,20.6018197,4.966591265,121.111706,17.12884087,4.728270842,119.6466637,24.28739537,6.522021258,100.6008935,42.0939729,7.266393765,3
19.38071518,17.76623712,7.436509768,87.78031524,16.04857245,7.881941565,96.40500876,17.30165164,7.70658349,95.78505309,18.09079606,7.429771711,83.55051662,16.71890473,4.887835613,3
29.96667276,7.326166471,11.93518035,114.8974232,27.20853816,5.893480137,123.5118035,26.33714972,5.929528663,119.9925063,36.19569724,6.872836258,105.8751486,50.65996676,7.913197254,3
12.18928635,15.80968545,6.952405179,94.75111569,23.98978898,9.028219649,110.0082036,17.87432635,6.595753646,110.9302856,17.72373154,6.505221752,101.9134394,18.07299841,3.964024434,3
29.43243117,5.93674533,16.93612193,103.8615638,45.81800247,7.622231399,118.382358,42.10952954,7.86197827,106.1676443,60.95258254,8.261563285,80.56748079,84.96285161,8.383072834,3
11.56809159,17.62173424,10.27194923,104.4901917,29.42969322,8.928052474,120.7142676,22.29955888,7.038391986,123.7657581,20.95635321,6.92707833,116.992416,24.15400269,6.368467643,3
28.81582331,5.907888344,15.9260511,89.99804638,69.73120339,7.711406416,130.7901214,37.67029236,7.640159892,135.9608618,40.41248654,11.48365153,130.1114934,45.98844698,9.897632771,3
19.07949894,11.9848701,13.1539753,113.7094354,33.30174273,15.84758979,132.0305637,26.25250309,14.83921193,134.2548744,30.48457719,18.47973633,127.8655763,35.319537,13.7508171,3
38.55458281,11.1696801,8.847763746,23.47462055,144.0587673,15.53557546,22.76441185,151.1705425,15.87159948,28.35272466,152.8864825,18.61131105,26.83030194,155.662499,12.56221621,3
20.06193742,8.247217453,72.6108485,119.9302714,36.59544609,27.09751513,140.3957789,26.10748342,74.07385375,143.9727093,31.10767738,77.44391385,141.9085865,31.14165913,27.90565715,3
38.10367095,13.60180839,4.791844934,25.65857873,145.6923859,10.61529779,23.79154498,153.1467567,18.10375457,27.52048077,157.0889753,24.35827738,20.78832784,164.4944535,14.80078626,3
21.23136573,11.79900699,85.89705078,128.1632082,33.57330023,47.09220268,144.0225794,26.59638301,113.8369216,147.8370842,31.76799768,99.52273213,147.1407903,30.65395691,38.32126072,3
33.45222983,16.82657103,12.4447919,21.23646635,151.5296922,10.55103846,21.17357334,156.4092868,39.80420767,24.68747064,161.6110932,44.54404742,17.87161217,165.6407759,19.5650221,3
19.76143525,14.22453942,82.46145294,135.1906879,27.29911757,61.93607728,149.1536767,23.39856158,129.6015651,152.6191052,29.41854663,102.805586,153.7740836,27.7736549,44.40113618,3
31.14713602,21.99066629,23.96638956,22.25152739,153.4609489,6.223534973,20.34494848,158.5877647,33.28127869,23.89838147,162.9901862,40.47952203,15.65593212,166.6527804,16.99087549,3
19.4308645,21.00207614,92.10359684,139.4468835,25.39421981,78.10263936,152.1815091,21.72575648,121.7850608,155.918895,26.5716887,100.866142,156.9244415,25.26528968,43.11319741,3
27.61228117,21.7311809,31.45884207,26.54521076,144.5647128,8.180878082,28.37182581,148.3325237,29.99783213,33.70521938,152.4356805,41.42533328,23.2874674,164.0575247,23.53725063,3
20.11454981,21.88071004,81.69316495,138.547499,25.34494655,67.6094939,152.3823711,21.85989083,116.7176849,156.1289084,27.07624072,97.80963888,159.0657385,24.88556537,48.7384721,3
21.57034652,24.5428305,41.3642096,38.68998275,131.6900332,10.01954723,55.60001724,121.8546545,36.01697794,59.67169825,126.4660131,52.86548196,27.49101732,160.6276727,29.36306201,3
19.43739612,25.85172205,84.6034833,140.6206654,23.35253931,77.881666,154.1890335,20.72013051,125.4332618,158.6466429,26.60753151,105.8145013,162.0892249,23.97829044,73.08597157,3
21.78538745,28.57447104,45.18924216,115.3006163,49.83372848,16.22881896,152.5697508,22.03852716,17.25403544,150.8624671,33.21675591,61.84406384,151.6335363,36.95748081,42.00625907,3
20.35168338,33.09174861,78.78040798,140.8518537,22.30812315,99.89347231,153.2423855,20.24037734,132.9339998,157.0202909,27.20065389,109.4802689,159.6710436,24.69116628,76.73800727,3
26.5412129,34.70568084,53.25642288,138.2396678,23.53233259,18.10897404,158.8270992,15.49892372,40.77922985,154.0103417,30.54870276,67.11885921,152.2888112,35.28191843,45.96950454,3
18.47347218,33.79423135,81.2367851,142.5645139,20.16288703,104.3657988,154.4440441,17.42089687,137.4512121,158.1174325,24.77596963,110.6815998,159.9334162,21.81384599,76.08273849,3
29.63280945,45.36211918,55.85131412,143.9323512,16.10321409,28.2689195,161.8520847,9.166787696,128.0896144,159.5887693,21.65374947,128.8105667,159.9114724,23.90532861,64.29691506,3
21.42791106,27.41995678,91.63104894,144.5346666,16.85013878,113.2110955,155.5936786,17.14226933,146.6317978,160.0934131,23.1834097,133.2530945,160.8676139,19.94658809,119.4268508,3
29.5711644,48.47638527,61.23427398,144.7642399,14.22713061,21.95664972,163.2815249,7.178458177,70.52892935,162.4032483,18.86963016,113.0952217,163.0971012,21.42112729,51.20019976,3
18.7919013,27.15261647,95.38414879,143.7541806,16.27486723,123.0331106,154.7583189,16.39808288,152.9788521,159.2089245,22.43242799,141.1502608,159.4831123,18.27202199,131.3040366,3
30.62989239,51.71532913,56.12681441,151.1458291,8.697223335,56.93122669,164.7740213,6.117465687,135.9749758,163.1648806,18.27236428,141.5332693,163.2559672,21.1760024,60.84848513,3
14.13589056,24.58542824,108.0194295,137.0710251,30.65058066,118.8267679,147.8676523,38.14573239,135.5871829,154.0929156,45.19453321,117.1807676,151.4091348,36.74493744,130.4875888,3
47.53569893,57.93295228,57.37670618,144.2904057,10.71071116,85.26668126,157.3305421,8.394752535,154.9030743,158.0153887,19.92854337,159.4679821,157.5220776,22.55308266,114.6372228,3
16.59604586,29.70344079,76.81116891,104.9712535,106.534424,21.24406031,125.3553534,139.0633656,20.53002841,135.9565748,158.9301258,18.40670583,129.4406774,160.6769099,11.41887893,3
40.71553194,50.93773965,57.68123381,149.4951403,7.155255578,98.88193385,161.4522005,8.330617193,163.6939205,160.4486058,20.64809606,150.1452079,160.2914709,21.9863919,101.2938151,3
27.13129373,13.78814084,88.97517223,133.7443738,35.06688867,110.3531345,144.0665375,44.40037075,129.2809348,150.4439034,51.15742229,118.1793397,149.6778171,44.06995139,127.9974255,3
34.48686746,50.86863776,62.03428121,151.0166289,7.990544211,82.65976519,164.6705874,6.481839536,159.4249929,163.1494181,19.50003458,154.7400847,162.4005186,20.96490633,108.9728356,3
19.64739149,35.06454436,66.65836276,57.68949876,10.04766357,3.459374748,38.21630498,30.90112281,5.415589449,14.78322044,36.56777491,6.600696234,34.78565383,31.78794201,5.071035031,3
33.28856038,54.16926872,57.44861969,152.6180337,8.300810863,65.19272885,165.5084535,5.71784621,154.9098119,163.9579288,18.2336373,150.1839956,163.5602195,19.98243039,93.41512782,3
33.32021798,52.84023452,57.02675898,151.2931745,9.268549325,71.75214283,164.8236231,6.355709356,158.1929331,163.6069379,18.54282425,151.1725013,163.637216,20.12415157,92.40784863,3
30.24142939,32.07945674,74.88472842,123.7030255,39.16055943,107.5071925,141.7715269,42.28688183,135.0545095,149.9834161,56.73150337,115.3808903,156.0909677,55.51420969,106.8437334,3
47.66029356,57.73973361,57.46152479,144.4052914,10.8636207,78.64799894,157.679829,7.73169019,148.3294528,157.3115425,19.0116698,165.3002522,157.0762829,24.13768245,134.4873129,3
14.1120822,21.1954724,109.7522634,119.1453204,63.50145826,76.18788164,135.5190887,125.2729686,41.44862701,142.1608051,174.0583722,15.87846531,145.634489,155.6222357,18.16385222,3
49.50884784,52.91556736,60.66820323,133.9628317,22.27856427,38.59678181,150.6661889,15.80948939,122.350083,148.8560866,29.2570175,139.9713237,146.7564266,37.02266407,106.8643284,3
20.95619534,22.66660706,120.5997993,143.2865206,25.4769254,122.8981148,155.5145233,34.80571285,137.1326677,163.1201003,35.28966035,135.6726048,163.5553439,24.55877344,143.3235409,3
39.16064981,51.63767467,62.80916083,144.5920065,13.21909437,87.13516232,159.0207778,9.802639472,162.5064101,160.3457652,20.59565731,153.7943306,162.9241588,21.58888685,104.8102589,3
27.38080755,17.54922346,106.6433702,140.4293283,35.99862479,106.2542239,151.412131,42.30278235,132.7822346,158.681654,42.4389194,130.6071144,160.462789,37.27998446,131.7241043,3
48.68634287,52.12482354,60.12974996,127.0375583,23.75371298,55.05289333,147.8847517,14.93286835,142.3542045,149.0211345,27.41873498,152.9170509,146.9431223,35.96748993,132.4415191,3
20.59480195,22.56019641,112.3397432,145.1479432,17.96520175,128.9519395,157.9688931,21.19209519,151.5042839,163.3651763,26.0061083,138.7577844,162.3105014,18.51365254,134.6285887,3
41.11797599,53.15069129,57.91755173,143.8074609,13.04037032,90.18827432,158.6671723,10.58700424,163.7565821,159.7840268,22.38807322,148.4353614,163.0767362,23.25608784,94.09951026,3
27.68159546,21.6676548,107.4120243,140.1542182,34.63756226,103.0198456,151.5499892,39.10996044,137.2044217,159.2622022,40.26595706,133.4713318,159.0256826,36.39210875,134.6895845,3
49.60557372,57.25290177,59.95247976,141.5284232,15.18301962,70.08447059,155.94109,10.70719167,145.012213,157.2544937,19.13267287,168.9331325,157.809106,26.14974034,133.2912179,3
21.8152255,28.10029412,105.8817876,145.8884346,15.09458584,126.81289,158.2486661,18.31798866,152.036982,163.3595348,23.64306295,136.737471,163.1669617,17.32983431,123.7595232,3
40.32419217,50.24738122,61.88407643,148.8314828,11.22300448,85.35906695,162.6032094,8.372923483,159.6354756,162.435602,19.64839898,152.6098606,164.7150342,20.4560574,101.6201657,3
25.63693389,22.87087871,118.2075949,142.1987809,33.55091494,110.8068022,153.5621908,39.26252754,135.5414045,162.5530785,34.69472793,138.2028982,164.3605971,32.69899265,133.7332759,3
48.47760408,53.07107136,63.65028833,98.67506696,56.62401449,35.07278422,132.6296725,32.28777321,117.4107771,132.8216443,45.99217785,142.7194596,129.5958881,58.2758148,104.5957965,3
20.56298858,28.13048157,105.6970672,146.8181969,14.63329446,121.8321874,158.487714,16.84997047,150.2812281,162.9694792,21.23368828,140.1815392,162.9496307,17.12220706,127.8293114,3
39.96070541,53.50323898,54.88514249,135.3277929,18.84855962,76.36896408,154.7187105,12.79767036,156.2844868,158.1604414,24.18158879,145.0084161,162.9620763,24.85338405,71.98113665,3
16.29720196,33.16660672,102.2143864,145.6594869,14.48896267,123.2448735,157.3848617,16.46869357,151.2602474,162.1989079,20.72561708,145.8706324,162.7241688,18.67622281,138.609094,3
45.77898575,52.88147749,60.68157059,121.7275572,34.31824366,36.8774483,146.7562722,19.73961578,128.7857577,146.5290835,33.88200328,131.0809951,147.1185326,41.81533515,77.59693216,3
15.64007335,35.70009638,100.8950891,145.1959795,14.08358218,125.7047621,157.2488481,16.04859303,152.682939,162.0439451,20.83954062,144.6802939,162.5009817,18.16818279,135.625315,3
40.79180128,50.2269647,60.00829169,144.9779988,12.7650734,83.73678662,160.1902512,9.838569776,159.6090787,161.0130571,21.77508422,144.7026033,164.1399424,22.49297383,91.25586406,3
16.0267942,34.41081751,100.6233666,144.7720147,13.72975066,129.948746,156.1836122,15.45526668,157.2823389,160.7940284,21.27545997,142.5243983,161.1676108,17.77998982,132.0241818,3
43.90759682,53.28504299,58.5266971,130.9542678,24.00937913,49.18042805,152.102411,14.30441215,149.170019,152.5663245,26.93079388,143.0535336,154.4673955,28.65213356,95.1875812,3
14.41637932,24.19385969,103.3862348,143.6691484,15.74143914,128.8153672,155.6872313,18.0640077,151.5455618,160.2360861,24.40576111,135.6235632,160.5524086,17.43126195,126.2045821,3
35.42130799,65.52202188,50.10888285,107.526102,32.0021189,38.0686227,135.3307776,23.97713776,90.72037353,138.5425342,33.22879156,108.7986348,140.3297944,28.78246794,75.41557116,3
11.94706042,36.71691399,98.14457665,141.5953202,14.40719656,133.8881585,153.5095395,18.93149218,155.8465806,158.4618839,24.12622377,143.6108542,156.7701962,17.1370663,139.1842846,3
9.433192035,34.13653809,42.37109852,104.1171121,34.31266683,109.2150571,113.240302,36.08826192,124.1979781,111.5375531,37.21108215,124.3664311,94.94401724,15.5551863,151.5700701,3
24.05785647,17.09696021,17.9949881,77.59919561,8.178780952,9.814708499,78.74677782,13.3836915,43.252585,70.01314138,15.23827587,37.55111568,58.96130289,11.29134719,9.073358081,3
31.72090283,44.95087485,15.73768903,103.5558814,9.542785592,10.93403057,112.4659954,13.90806483,3.72371566,107.9094552,20.50237774,23.55343197,99.56902826,18.76370156,24.2830334,3
19.27502641,12.29049536,19.63496584,51.64525078,13.91704426,17.52178163,46.66157013,10.58102194,10.34652965,38.19006355,12.84408781,12.08972001,38.73175306,10.71777714,8.699695013,3
21.85797335,30.2755272,22.85475605,103.4258551,5.981007347,5.799214,114.3285037,9.459986699,17.20822561,104.9803584,17.61436801,71.91559171,88.87475749,16.80849927,78.44742275,3
18.37325598,11.44145203,14.79883876,45.90424031,5.901490829,12.51328587,44.07083585,11.20715079,22.41259255,43.50234397,16.03348348,39.93047409,44.80842381,16.93391967,28.96029413,3
29.70827653,14.8810694,14.49758088,29.93944238,8.004016919,12.04849111,12.77537455,151.4244701,33.18243469,16.00336514,148.050488,26.21805921,26.41469471,142.7671582,29.97663641,3
18.41940149,6.721899852,8.344036622,14.72402909,5.292686707,2.115364868,5.662243844,8.071768625,15.92686645,11.74971154,12.38195924,18.19261444,20.11504478,20.73327892,15.24324637,3
24.2928014,16.9679779,12.65981792,21.14021154,6.902979137,5.327510801,15.58945011,10.32840157,1.396773562,20.81648684,17.93684073,3.206412431,28.04265892,16.47982182,5.981651894,3
24.45561583,9.861047632,11.49370108,18.6152528,122.4075112,40.38011568,14.44705529,162.5965664,8.112777365,19.27795688,146.3799551,22.92633508,28.91324617,108.5675249,50.78515472,3
23.60698921,17.8651058,11.76124794,27.50368708,127.3941593,33.0358144,20.06743181,157.2221945,12.2456103,21.59617931,161.7239107,12.39159495,30.15501998,145.76685,22.86515686,3